annotation,Class,Description,NCells,Neurotransmitter,Probable_location,Region,LeafOrder,TaxonomyRank1,TaxonomyRank2,TaxonomyRank3,TaxonomyRank4,Comment,TaxonomyRank4_reduced1,tax_order_idx_mb_fig1c,Neurotransmitter_class,Neurotransmitter_class_linnarson,nt.Acetylcholine,nt.Adrenaline,nt.Dopamine,nt.GABA,nt.GLYT1,nt.GLYT2,nt.Missing,nt.Nitric oxide,nt.Noradrenaline,nt.Serotonin,nt.VGLUT1,nt.VGLUT2,nt.VGLUT3
ENT9,Neurons,Cholinergic enteric neurons,169,Acetylcholine,Myenteric plexus of small intestine,Enteric nervous system,190,Neurons,PNS neurons,Enteric neurons,Enteric neurons,Marklund cluster #1,Enteric neurons,10,Acetylcholine,NA,1,NA,NA,NA,NA,NA,NA,NA,NA,NA,NA,NA,NA
ENT8,Neurons,"Cholinergic enteric neurons, VGLUT2",97,"Glutamate (VGLUT2),Acetylcholine",Myenteric plexus of small intestine,Enteric nervous system,189,Neurons,PNS neurons,Enteric neurons,Enteric neurons,Marklund cluster #3,Enteric neurons,10,Ex,NA,1,NA,NA,NA,NA,NA,NA,NA,NA,NA,NA,1,NA
ENT6,Neurons,Cholinergic enteric neurons,118,Acetylcholine,Myenteric plexus of small intestine,Enteric nervous system,187,Neurons,PNS neurons,Enteric neurons,Enteric neurons,Marklund cluster #6,Enteric neurons,10,Acetylcholine,NA,1,NA,NA,NA,NA,NA,NA,NA,NA,NA,NA,NA,NA
ENT5,Neurons,Cholinergic enteric neurons,259,Acetylcholine,Myenteric plexus of small intestine,Enteric nervous system,186,Neurons,PNS neurons,Enteric neurons,Enteric neurons,Marklund cluster #4,Enteric neurons,10,Acetylcholine,NA,1,NA,NA,NA,NA,NA,NA,NA,NA,NA,NA,NA,NA
ENT4,Neurons,Cholinergic enteric neurons,155,Acetylcholine,Myenteric plexus of small intestine,Enteric nervous system,185,Neurons,PNS neurons,Enteric neurons,Enteric neurons,No corresponding Marklund cluster,Enteric neurons,10,Acetylcholine,NA,1,NA,NA,NA,NA,NA,NA,NA,NA,NA,NA,NA,NA
ENT7,Neurons,"Cholinergic enteric neurons, VGLUT2",31,"Glutamate (VGLUT2),Acetylcholine",Myenteric plexus of small intestine,Enteric nervous system,188,Neurons,PNS neurons,Enteric neurons,Enteric neurons,Marklund cluster #5,Enteric neurons,10,Ex,NA,1,NA,NA,NA,NA,NA,NA,NA,NA,NA,NA,1,NA
ENT3,Neurons,Nitrergic enteric neurons,155,Nitric oxide,Myenteric plexus of small intestine,Enteric nervous system,184,Neurons,PNS neurons,Enteric neurons,Enteric neurons,Marklund cluster #2,Enteric neurons,10,Nitric oxide,NA,NA,NA,NA,NA,NA,NA,NA,1,NA,NA,NA,NA,NA
ENT2,Neurons,Nitrergic enteric neurons,107,Nitric oxide,Myenteric plexus of small intestine,Enteric nervous system,183,Neurons,PNS neurons,Enteric neurons,Enteric neurons,Marklund cluster #2,Enteric neurons,10,Nitric oxide,NA,NA,NA,NA,NA,NA,NA,NA,1,NA,NA,NA,NA,NA
ENT1,Neurons,Nitrergic enteric neurons,14,Nitric oxide,Myenteric plexus of small intestine,Enteric nervous system,182,Neurons,PNS neurons,Enteric neurons,Enteric neurons,No corresponding Marklund cluster,Enteric neurons,10,Nitric oxide,NA,NA,NA,NA,NA,NA,NA,NA,1,NA,NA,NA,NA,NA
ENTG1,PeripheralGlia,"Enteric glia, proliferating",163,NA,Enteric nervous system,Enteric nervous system,243,Glia,Neural crest-like glia,Neural crest-like glia,Enteric glia,Foxd3 positive,Enteric glia,3,NA,NA,NA,NA,NA,NA,NA,NA,NA,NA,NA,NA,NA,NA,NA
ENTG4,PeripheralGlia,Enteric glia,4044,NA,Enteric nervous system,Enteric nervous system,246,Glia,Neural crest-like glia,Neural crest-like glia,Enteric glia,"have some neuronal markers like Camk2b,Nrn1,Klk8. Foxd3 positive",Enteric glia,3,NA,NA,NA,NA,NA,NA,NA,NA,NA,NA,NA,NA,NA,NA,NA
ENTG2,PeripheralGlia,Enteric glia,2160,NA,Enteric nervous system,Enteric nervous system,244,Glia,Neural crest-like glia,Neural crest-like glia,Enteric glia,nan,Enteric glia,3,NA,NA,NA,NA,NA,NA,NA,NA,NA,NA,NA,NA,NA,NA,NA
ENTG3,PeripheralGlia,Enteric glia,1135,NA,Enteric nervous system,Enteric nervous system,245,Glia,Neural crest-like glia,Neural crest-like glia,Enteric glia,Foxd3 positive,Enteric glia,3,NA,NA,NA,NA,NA,NA,NA,NA,NA,NA,NA,NA,NA,NA,NA
ENTG6,PeripheralGlia,Enteric glia,811,NA,Enteric nervous system,Enteric nervous system,248,Glia,Neural crest-like glia,Neural crest-like glia,Enteric glia,nan,Enteric glia,3,NA,NA,NA,NA,NA,NA,NA,NA,NA,NA,NA,NA,NA,NA,NA
ENTG5,PeripheralGlia,Enteric glia,1132,NA,Enteric nervous system,Enteric nervous system,247,Glia,Neural crest-like glia,Neural crest-like glia,Enteric glia,Foxd3 positive,Enteric glia,3,NA,NA,NA,NA,NA,NA,NA,NA,NA,NA,NA,NA,NA,NA,NA
ENTG7,PeripheralGlia,Enteric glia,1041,NA,Enteric nervous system,Enteric nervous system,249,Glia,Neural crest-like glia,Neural crest-like glia,Enteric glia,Foxd3 positive,Enteric glia,3,NA,NA,NA,NA,NA,NA,NA,NA,NA,NA,NA,NA,NA,NA,NA
ENMFB,Vascular,Enteric mesothelial fibroblasts,49,NA,Enteric nervous system,Enteric nervous system,250,Glia,Neural crest-like glia,Neural crest-like glia,Enteric glia,"lack Vtn,Igf2,Gjb2 (neural crest origin is uncertain)",Enteric glia,3,NA,NA,NA,NA,NA,NA,NA,NA,NA,NA,NA,NA,NA,NA,NA
MOL3,Oligos,"Mature oligodendrocytes, spinal cord enriched (high Klk6)",1849,NA,Spinal cord-enriched,CNS,223,Glia,CNS glia,Oligodendrocytes,Oligodendrocytes,nan,Oligodendrocytes,7,NA,NA,NA,NA,NA,NA,NA,NA,NA,NA,NA,NA,NA,NA,NA
MOL2,Oligos,"Mature oligodendrocytes, hindbrain",10011,NA,Pons/medulla (possible batch effect),CNS,222,Glia,CNS glia,Oligodendrocytes,Oligodendrocytes,Possible batch effect,Oligodendrocytes,7,NA,NA,NA,NA,NA,NA,NA,NA,NA,NA,NA,NA,NA,NA,NA
MFOL1,Oligos,Myelin forming oligodendrocytes (MFOL),3684,NA,Pons/medulla (possible batch effect),CNS,220,Glia,CNS glia,Oligodendrocytes,Oligodendrocytes,Possible batch effect,Oligodendrocytes,7,NA,NA,NA,NA,NA,NA,NA,NA,NA,NA,NA,NA,NA,NA,NA
MOL1,Oligos,Mature oligodendrocytes,8715,NA,CNS,CNS,221,Glia,CNS glia,Oligodendrocytes,Oligodendrocytes,nan,Oligodendrocytes,7,NA,NA,NA,NA,NA,NA,NA,NA,NA,NA,NA,NA,NA,NA,NA
MFOL2,Oligos,Myelin forming oligodendrocytes (MFOL),2415,NA,CNS,CNS,219,Glia,CNS glia,Oligodendrocytes,Oligodendrocytes,nan,Oligodendrocytes,7,NA,NA,NA,NA,NA,NA,NA,NA,NA,NA,NA,NA,NA,NA,NA
NFOL1,Oligos,Newly formed oligodendrocytes (NFOL),1612,NA,CNS,CNS,218,Glia,CNS glia,Oligodendrocytes,Oligodendrocytes,nan,Oligodendrocytes,7,NA,NA,NA,NA,NA,NA,NA,NA,NA,NA,NA,NA,NA,NA,NA
NFOL2,Oligos,"Newly formed oligodendrocytes (NFOL), pons/medulla specific",181,NA,Pons/medulla (possible batch effect),CNS,217,Glia,CNS glia,Oligodendrocytes,Oligodendrocytes,Possible batch effect,Oligodendrocytes,7,NA,NA,NA,NA,NA,NA,NA,NA,NA,NA,NA,NA,NA,NA,NA
COP2,Oligos,"Committed oligodendrocytes cells (COP), pons/medulla specific",254,NA,Pons/medulla (possible batch effect),CNS,216,Glia,CNS glia,Oligodendrocytes,Oligodendrocytes,Possible batch effect,Oligodendrocytes,7,NA,NA,NA,NA,NA,NA,NA,NA,NA,NA,NA,NA,NA,NA,NA
COP1,Oligos,Committed oligodendrocytes cells (COP),1532,NA,CNS,CNS,215,Glia,CNS glia,Oligodendrocytes,Oligodendrocytes,nan,Oligodendrocytes,7,NA,NA,NA,NA,NA,NA,NA,NA,NA,NA,NA,NA,NA,NA,NA
HBSER2,Neurons,"Serotonergic neurons, hindbrain",109,"Serotonin, Glutamate (VGLUT3)","Nucleus raphe Pons (B5, B6)",Pons,79,Neurons,CNS neurons,"Cholinergic, monoaminergic and peptidergic neurons",Cholinergic and monoaminergic neurons,nan,Cholinergic and monoaminergic neurons,18,Ex,NA,NA,NA,NA,NA,NA,NA,NA,NA,NA,1,NA,NA,1
HBSER1,Neurons,"Serotonergic neurons, hindbrain",105,"Serotonin, Glutamate (VGLUT3)","Ventral midbrain/isthmic dorsal raphe (B7), caudal linear nucleus (B8), medial lemniscus (B9), isthmic periaqueductal grey (B4?)",Pons,78,Neurons,CNS neurons,"Cholinergic, monoaminergic and peptidergic neurons",Cholinergic and monoaminergic neurons,nan,Cholinergic and monoaminergic neurons,18,Ex,NA,NA,NA,NA,NA,NA,NA,NA,NA,NA,1,NA,NA,1
HBSER3,Neurons,"Serotonergic neurons, hindbrain",87,Serotonin,"Ventral midbrain, rostral pons",Pons,80,Neurons,CNS neurons,"Cholinergic, monoaminergic and peptidergic neurons",Cholinergic and monoaminergic neurons,nan,Cholinergic and monoaminergic neurons,18,Monoamines,NA,NA,NA,NA,NA,NA,NA,NA,NA,NA,1,NA,NA,NA
HBSER4,Neurons,"Serotonergic neurons, hindbrain",72,"Serotonin, Glutamate (VGLUT3)","Nucleus raphe medulla (pallidus, oscurus, magnus, B1-3)",Medulla,82,Neurons,CNS neurons,"Cholinergic, monoaminergic and peptidergic neurons",Cholinergic and monoaminergic neurons,nan,Cholinergic and monoaminergic neurons,18,Ex,NA,NA,NA,NA,NA,NA,NA,NA,NA,NA,1,NA,NA,1
HBSER5,Neurons,"Serotonergic neurons, hindbrain",64,Serotonin,"Nucleus raphe pons (pallidus, oscurus, magnus, B1-3)",Pons,81,Neurons,CNS neurons,"Cholinergic, monoaminergic and peptidergic neurons",Cholinergic and monoaminergic neurons,nan,Cholinergic and monoaminergic neurons,18,Monoamines,NA,NA,NA,NA,NA,NA,NA,NA,NA,NA,1,NA,NA,NA
TEGLU15,Neurons,"Excitatory neurons, cerebral cortex",186,"Glutamate (VGLUT1,VGLUT2)",Piriform pyramidal,Cortex,16,Neurons,CNS neurons,Telencephalon projecting neurons,Telencephalon projecting excitatory neurons,nan,Telencephalon projecting excitatory neurons,24,Ex,Ex,NA,NA,NA,NA,NA,NA,NA,NA,NA,NA,1,1,NA
TEGLU16,Neurons,"Excitatory neurons, cerebral cortex",61,"Glutamate (VGLUT1), Nitric oxide",Piriform pyramidal,Cortex,15,Neurons,CNS neurons,Telencephalon projecting neurons,Telencephalon projecting excitatory neurons,nan,Telencephalon projecting excitatory neurons,24,Ex,Ex,NA,NA,NA,NA,NA,NA,NA,1,NA,NA,1,NA,NA
TEGLU5,Neurons,"Excitatory neurons, cerebral cortex",126,"Glutamate (VGLUT1,VGLUT2)",Entorhinal superficial layers,Cortex,14,Neurons,CNS neurons,Telencephalon projecting neurons,Telencephalon projecting excitatory neurons,nan,Telencephalon projecting excitatory neurons,24,Ex,Ex,NA,NA,NA,NA,NA,NA,NA,NA,NA,NA,1,1,NA
TEGLU4,Neurons,"Excitatory neurons, cerebral cortex",664,Glutamate (VGLUT1),"Cortex pyramidal layer 5, Cingulate/Retrosplenial area (superficial and deep)",Cortex,22,Neurons,CNS neurons,Telencephalon projecting neurons,Telencephalon projecting excitatory neurons,nan,Telencephalon projecting excitatory neurons,24,Ex,Ex,NA,NA,NA,NA,NA,NA,NA,NA,NA,NA,1,NA,NA
TEGLU22,Neurons,"Excitatory neurons, amygdala",958,Glutamate (VGLUT1),Basolateral amygdala,Amygdala,20,Neurons,CNS neurons,Telencephalon projecting neurons,Telencephalon projecting excitatory neurons,nan,Telencephalon projecting excitatory neurons,24,Ex,Ex,NA,NA,NA,NA,NA,NA,NA,NA,NA,NA,1,NA,NA
TEGLU23,Neurons,"Excitatory neurons, hippocampus CA3",484,"Glutamate (VGLUT1), Nitric oxide",CA3,Hippocampus,24,Neurons,CNS neurons,Telencephalon projecting neurons,Telencephalon projecting excitatory neurons,nan,Telencephalon projecting excitatory neurons,24,Ex,Ex,NA,NA,NA,NA,NA,NA,NA,1,NA,NA,1,NA,NA
TEGLU24,Neurons,"Excitatory neurons, hippocampus CA1",2037,"Glutamate (VGLUT1), Nitric oxide",CA1,Hippocampus,23,Neurons,CNS neurons,Telencephalon projecting neurons,Telencephalon projecting excitatory neurons,nan,Telencephalon projecting excitatory neurons,24,Ex,Ex,NA,NA,NA,NA,NA,NA,NA,1,NA,NA,1,NA,NA
TEGLU17,Neurons,"Excitatory neurons, cerebral cortex",784,Glutamate (VGLUT1),Piriform pyramidal,Cortex,17,Neurons,CNS neurons,Telencephalon projecting neurons,Telencephalon projecting excitatory neurons,nan,Telencephalon projecting excitatory neurons,24,Ex,Ex,NA,NA,NA,NA,NA,NA,NA,NA,NA,NA,1,NA,NA
TEGLU18,Neurons,"Excitatory neurons, cerebral cortex",657,Glutamate (VGLUT1),"Anterior olfactory nucleus, deep layer",Cortex,18,Neurons,CNS neurons,Telencephalon projecting neurons,Telencephalon projecting excitatory neurons,nan,Telencephalon projecting excitatory neurons,24,Ex,Ex,NA,NA,NA,NA,NA,NA,NA,NA,NA,NA,1,NA,NA
TEGLU19,Neurons,"Excitatory neurons, cerebral cortex",89,Glutamate (VGLUT1),Anterior olfactory nucleus and ventral striatum,Cortex,19,Neurons,CNS neurons,Telencephalon projecting neurons,Telencephalon projecting excitatory neurons,nan,Telencephalon projecting excitatory neurons,24,Ex,Ex,NA,NA,NA,NA,NA,NA,NA,NA,NA,NA,1,NA,NA
TEGLU2,Neurons,"Excitatory neurons, cerebral cortex",274,Glutamate (VGLUT1),Cortex pyramidal layer 6b,Cortex,3,Neurons,CNS neurons,Telencephalon projecting neurons,Telencephalon projecting excitatory neurons,nan,Telencephalon projecting excitatory neurons,24,Ex,Ex,NA,NA,NA,NA,NA,NA,NA,NA,NA,NA,1,NA,NA
TEGLU3,Neurons,"Excitatory neurons, cerebral cortex",2734,Glutamate (VGLUT1),Cortex pyramidal layer 6,Cortex,2,Neurons,CNS neurons,Telencephalon projecting neurons,Telencephalon projecting excitatory neurons,nan,Telencephalon projecting excitatory neurons,24,Ex,Ex,NA,NA,NA,NA,NA,NA,NA,NA,NA,NA,1,NA,NA
TEGLU14,Neurons,"Excitatory neurons, cerebral cortex",35,Glutamate (VGLUT1),Subiculum,Cortex,13,Neurons,CNS neurons,Telencephalon projecting neurons,Telencephalon projecting excitatory neurons,nan,Telencephalon projecting excitatory neurons,24,Ex,Ex,NA,NA,NA,NA,NA,NA,NA,NA,NA,NA,1,NA,NA
TEGLU13,Neurons,"Excitatory neurons, cerebral cortex",127,"Glutamate (VGLUT1,VGLUT2), Nitric oxide",Subiculum,Cortex,12,Neurons,CNS neurons,Telencephalon projecting neurons,Telencephalon projecting excitatory neurons,nan,Telencephalon projecting excitatory neurons,24,Ex,Ex,NA,NA,NA,NA,NA,NA,NA,1,NA,NA,1,1,NA
TEGLU21,Neurons,"Excitatory neurons, hippocampus CA1",104,"Glutamate (VGLUT1), Nitric oxide","CA1 (posterior),subiculum,entorhinal",Hippocampus,21,Neurons,CNS neurons,Telencephalon projecting neurons,Telencephalon projecting excitatory neurons,nan,Telencephalon projecting excitatory neurons,24,Ex,Ex,NA,NA,NA,NA,NA,NA,NA,1,NA,NA,1,NA,NA
TEGLU10,Neurons,"Excitatory neurons, cerebral cortex",866,Glutamate (VGLUT1),Cortical pyramidal layer 5,Cortex,7,Neurons,CNS neurons,Telencephalon projecting neurons,Telencephalon projecting excitatory neurons,nan,Telencephalon projecting excitatory neurons,24,Ex,Ex,NA,NA,NA,NA,NA,NA,NA,NA,NA,NA,1,NA,NA
TEGLU11,Neurons,"Excitatory neurons, cerebral cortex",1464,Glutamate (VGLUT1),Cortical pyramidal (poor markers),Cortex,5,Neurons,CNS neurons,Telencephalon projecting neurons,Telencephalon projecting excitatory neurons,nan,Telencephalon projecting excitatory neurons,24,Ex,Ex,NA,NA,NA,NA,NA,NA,NA,NA,NA,NA,1,NA,NA
TEGLU20,Neurons,"Excitatory neurons, cerebral cortex",55,Glutamate (VGLUT1),Cortex pyramidal layer 6,Cortex,4,Neurons,CNS neurons,Telencephalon projecting neurons,Telencephalon projecting excitatory neurons,nan,Telencephalon projecting excitatory neurons,24,Ex,Ex,NA,NA,NA,NA,NA,NA,NA,NA,NA,NA,1,NA,NA
TEGLU12,Neurons,"Excitatory neurons, cerebral cortex",386,"Glutamate (VGLUT1,VGLUT2)","Lateral cortex layer 6: gustatory, barrel field, auditory",Cortex,6,Neurons,CNS neurons,Telencephalon projecting neurons,Telencephalon projecting excitatory neurons,nan,Telencephalon projecting excitatory neurons,24,Ex,Ex,NA,NA,NA,NA,NA,NA,NA,NA,NA,NA,1,1,NA
TEGLU9,Neurons,"Excitatory neurons, cerebral cortex",202,Glutamate (VGLUT1),"Cingulate/Retrosplenial area, layer 5",Cortex,8,Neurons,CNS neurons,Telencephalon projecting neurons,Telencephalon projecting excitatory neurons,nan,Telencephalon projecting excitatory neurons,24,Ex,Ex,NA,NA,NA,NA,NA,NA,NA,NA,NA,NA,1,NA,NA
TEGLU8,Neurons,"Excitatory neurons, cerebral cortex",3071,Glutamate (VGLUT1),Cortical pyramidal layer 4,Cortex,9,Neurons,CNS neurons,Telencephalon projecting neurons,Telencephalon projecting excitatory neurons,nan,Telencephalon projecting excitatory neurons,24,Ex,Ex,NA,NA,NA,NA,NA,NA,NA,NA,NA,NA,1,NA,NA
TEGLU7,Neurons,"Excitatory neurons, cerebral cortex",2435,Glutamate (VGLUT1),Cortical pyramidal layer 2/3,Cortex,10,Neurons,CNS neurons,Telencephalon projecting neurons,Telencephalon projecting excitatory neurons,nan,Telencephalon projecting excitatory neurons,24,Ex,Ex,NA,NA,NA,NA,NA,NA,NA,NA,NA,NA,1,NA,NA
TEINH10,Neurons,"R-LM border Cck interneurons, cortex/hippocampus",581,"GABA, Glutamate (VGLUT3)","Hippocampus (sr/slm),Cortex","Hippocampus,Cortex",60,Neurons,CNS neurons,Telencephalon interneurons,Telencephalon inhibitory interneurons,nan,Telencephalon inhibitory interneurons,19,Ex/In,NA,NA,NA,NA,1,NA,NA,NA,NA,NA,NA,NA,NA,1
TEINH11,Neurons,"R-LM border Cck interneurons, cortex/hippocampus",660,"GABA,Glutamate (VGLUT3), Nitric oxide","Hippocampus (sr/slm),Cortex","Hippocampus,Cortex",61,Neurons,CNS neurons,Telencephalon interneurons,Telencephalon inhibitory interneurons,nan,Telencephalon inhibitory interneurons,19,Ex/In,NA,NA,NA,NA,1,NA,NA,NA,1,NA,NA,NA,NA,1
TEINH12,Neurons,"Non-border Cck interneurons, cortex/hippocampus",280,"GABA,Glutamate (VGLUT3)","Hippocampus,Cortex","Hippocampus,Cortex",58,Neurons,CNS neurons,Telencephalon interneurons,Telencephalon inhibitory interneurons,nan,Telencephalon inhibitory interneurons,19,Ex/In,NA,NA,NA,NA,1,NA,NA,NA,NA,NA,NA,NA,NA,1
TEINH9,Neurons,"Non-border Cck interneurons, hippocampus",162,GABA,Hippocampus,Hippocampus,59,Neurons,CNS neurons,Telencephalon interneurons,Telencephalon inhibitory interneurons,nan,Telencephalon inhibitory interneurons,19,In,NA,NA,NA,NA,1,NA,NA,NA,NA,NA,NA,NA,NA,NA
OBINH5,Neurons,"External plexiform layer interneuron, olfactory bulb",56,GABA,"Olfactory bulb, outer plexiform layer",Olfactory bulb,46,Neurons,CNS neurons,Telencephalon interneurons,Olfactory inhibitory neurons,Likely van Gehuchten cells,Olfactory inhibitory neurons,20,In,NA,NA,NA,NA,1,NA,NA,NA,NA,NA,NA,NA,NA,NA
TEINH5,Neurons,"Interneuron-selective interneurons, cortex/hippocampus",449,"GABA, Nitric oxide","Hippocampus,Cortex","Hippocampus,Cortex",63,Neurons,CNS neurons,Telencephalon interneurons,Telencephalon inhibitory interneurons,nan,Telencephalon inhibitory interneurons,19,In,NA,NA,NA,NA,1,NA,NA,NA,1,NA,NA,NA,NA,NA
TEINH6,Neurons,"Interneuron-selective interneurons, cortex/hippocampus",145,GABA,"Hippocampus,Cortex","Hippocampus,Cortex",66,Neurons,CNS neurons,Telencephalon interneurons,Telencephalon inhibitory interneurons,nan,Telencephalon inhibitory interneurons,19,In,NA,NA,NA,NA,1,NA,NA,NA,NA,NA,NA,NA,NA,NA
TEINH7,Neurons,"Interneuron-selective interneurons, hippocampus",68,GABA,Hippocampus,Hippocampus,65,Neurons,CNS neurons,Telencephalon interneurons,Telencephalon inhibitory interneurons,nan,Telencephalon inhibitory interneurons,19,In,NA,NA,NA,NA,1,NA,NA,NA,NA,NA,NA,NA,NA,NA
TEINH8,Neurons,"Interneuron-selective interneurons, hippocampus",57,GABA,Hippocampus,Hippocampus,64,Neurons,CNS neurons,Telencephalon interneurons,Telencephalon inhibitory interneurons,nan,Telencephalon inhibitory interneurons,19,In,NA,NA,NA,NA,1,NA,NA,NA,NA,NA,NA,NA,NA,NA
TEINH4,Neurons,"Interneuron-selective interneurons, cortex/hippocampus",645,GABA,"Hippocampus,Cortex","Hippocampus,Cortex",62,Neurons,CNS neurons,Telencephalon interneurons,Telencephalon inhibitory interneurons,nan,Telencephalon inhibitory interneurons,19,In,NA,NA,NA,NA,1,NA,NA,NA,NA,NA,NA,NA,NA,NA
TEINH20,Neurons,"Inhibitory interneurons, hippocampus",139,GABA,Hippocampus (sr/slm),Hippocampus,56,Neurons,CNS neurons,Telencephalon interneurons,Telencephalon inhibitory interneurons,"May also be located to the hilus of the dentate gyrus, based on Slc18a2",Telencephalon inhibitory interneurons,19,In,In,NA,NA,NA,1,NA,NA,NA,NA,NA,NA,NA,NA,NA
TEINH13,Neurons,"Trilaminar cells, hippocampus",163,"GABA, Glutamate (VGLUT3)",Hippocampus,Hippocampus,57,Neurons,CNS neurons,Telencephalon interneurons,Telencephalon inhibitory interneurons,nan,Telencephalon inhibitory interneurons,19,Ex/In,NA,NA,NA,NA,1,NA,NA,NA,NA,NA,NA,NA,NA,1
TEINH14,Neurons,"CGE-derived neurogliaform cells Cxcl14+, cortex/hippocampus",422,GABA,"Hippocampus,Cortex","Hippocampus,Cortex",55,Neurons,CNS neurons,Telencephalon interneurons,Telencephalon inhibitory interneurons,nan,Telencephalon inhibitory interneurons,19,In,NA,NA,NA,NA,1,NA,NA,NA,NA,NA,NA,NA,NA,NA
TEINH16,Neurons,"Ivy and MGE-derived neurogliaform cells, cortex/hippocampus",644,"GABA, Nitric oxide","Hippocampus,Cortex","Hippocampus,Cortex",53,Neurons,CNS neurons,Telencephalon interneurons,Telencephalon inhibitory interneurons,nan,Telencephalon inhibitory interneurons,19,In,NA,NA,NA,NA,1,NA,NA,NA,1,NA,NA,NA,NA,NA
TEINH15,Neurons,"CGE-derived neurogliaform cells, cortex/hippocampus",1069,"GABA, Nitric oxide","Hippocampus,Cortex","Hippocampus,Cortex",54,Neurons,CNS neurons,Telencephalon interneurons,Telencephalon inhibitory interneurons,nan,Telencephalon inhibitory interneurons,19,In,NA,NA,NA,NA,1,NA,NA,NA,1,NA,NA,NA,NA,NA
TEINH19,Neurons,"Hippocamposeptal projection, cortex/hippocampus",1040,GABA,"Hippocampus (so),Cortex","Hippocampus,Cortex",51,Neurons,CNS neurons,Telencephalon interneurons,Telencephalon inhibitory interneurons,nan,Telencephalon inhibitory interneurons,19,In,NA,NA,NA,NA,1,NA,NA,NA,NA,NA,NA,NA,NA,NA
TEINH21,Neurons,"Sleep-active, long-range projection interneurons, cortex/hippocampus",385,"GABA, Nitric oxide","Hippocampus,Cortex","Hippocampus,Cortex",52,Neurons,CNS neurons,Telencephalon interneurons,Telencephalon inhibitory interneurons,nan,Telencephalon inhibitory interneurons,19,In,NA,NA,NA,NA,1,NA,NA,NA,1,NA,NA,NA,NA,NA
HYPEP7,Neurons,"Pmch neurons, hypothalamus",13,Glutamate (VGLUT2),Lateral hypothalamic area,Hypothalamus,73,Neurons,CNS neurons,"Cholinergic, monoaminergic and peptidergic neurons",Cholinergic and monoaminergic neurons,nan,Cholinergic and monoaminergic neurons,18,Ex,NA,NA,NA,NA,NA,NA,NA,NA,NA,NA,NA,NA,1,NA
HYPEP6,Neurons,"Orexin-producing neurons, hypothalamus",32,Nitric oxide,Dorsomedial nucleus of the hypothalamus,Hypothalamus,74,Neurons,CNS neurons,"Cholinergic, monoaminergic and peptidergic neurons",Cholinergic and monoaminergic neurons,nan,Cholinergic and monoaminergic neurons,18,Nitric oxide,NA,NA,NA,NA,NA,NA,NA,NA,1,NA,NA,NA,NA,NA
DEINH8,Neurons,"Inhibitory neurons, hypothalamus",120,GABA,"Suprachiasmatic nucleus, Medial preoptic nucleus",Hypothalamus,92,Neurons,CNS neurons,"Cholinergic, monoaminergic and peptidergic neurons",Peptidergic neurons,nan,Peptidergic neurons,17,In,In,NA,NA,NA,1,NA,NA,NA,NA,NA,NA,NA,NA,NA
MBDOP1,Neurons,"Dopaminergic neurons, periaqueductal grey",57,Dopamine,"Ventral midbrain, periaqueductal grey",Midbrain ventral,76,Neurons,CNS neurons,"Cholinergic, monoaminergic and peptidergic neurons",Cholinergic and monoaminergic neurons,"Th but very low Slc6a3, neither VGLUT1,2 or 3; no Gad1 or Gad2",Cholinergic and monoaminergic neurons,18,Monoamines,NA,NA,NA,1,NA,NA,NA,NA,NA,NA,NA,NA,NA,NA
MBDOP2,Neurons,"Dopaminergic neurons, ventral midbrain (SNc, VTA)",63,Dopamine,Ventral tegmental area and subtantia nigra,Midbrain ventral,77,Neurons,CNS neurons,"Cholinergic, monoaminergic and peptidergic neurons",Cholinergic and monoaminergic neurons,nan,Cholinergic and monoaminergic neurons,18,Monoamines,NA,NA,NA,1,NA,NA,NA,NA,NA,NA,NA,NA,NA,NA
MEGLU14,Neurons,Glutamatergic projection neurons of the raphe nucleus,47,Glutamate (VGLUT3),Dorsal raphe nucleus,Midbrain dorsal,75,Neurons,CNS neurons,"Cholinergic, monoaminergic and peptidergic neurons",Cholinergic and monoaminergic neurons,https://www.ncbi.nlm.nih.gov/pubmed/18925658,Cholinergic and monoaminergic neurons,18,Ex,NA,NA,NA,NA,NA,NA,NA,NA,NA,NA,NA,NA,NA,1
MEGLU11,Neurons,"Excitatory neurons, midbrain",249,Glutamate (VGLUT1),Inferior colliculus,Midbrain dorsal,129,Neurons,CNS neurons,Di- and mesencephalon neurons,Di- and mesencephalon excitatory neurons,nan,Di- and mesencephalon excitatory neurons,14,Ex,Ex,NA,NA,NA,NA,NA,NA,NA,NA,NA,NA,1,NA,NA
MEGLU10,Neurons,"Excitatory neurons, midbrain",419,"Glutamate (VGLUT1), Nitric oxide",Inferior colliculus,Midbrain dorsal,128,Neurons,CNS neurons,Di- and mesencephalon neurons,Di- and mesencephalon excitatory neurons,Poor markers,Di- and mesencephalon excitatory neurons,14,Ex,Ex,NA,NA,NA,NA,NA,NA,NA,1,NA,NA,1,NA,NA
MEGLU9,Neurons,"Excitatory neurons, midbrain",243,"Glutamate (VGLUT1), Nitric oxide",Mantle of inferior colliculus,Midbrain dorsal,127,Neurons,CNS neurons,Di- and mesencephalon neurons,Di- and mesencephalon excitatory neurons,nan,Di- and mesencephalon excitatory neurons,14,Ex,Ex,NA,NA,NA,NA,NA,NA,NA,1,NA,NA,1,NA,NA
MEGLU8,Neurons,"Excitatory neurons, midbrain",305,"Glutamate (VGLUT1), Nitric oxide",Inferior colliculus,Midbrain dorsal,126,Neurons,CNS neurons,Di- and mesencephalon neurons,Di- and mesencephalon excitatory neurons,Poor markers,Di- and mesencephalon excitatory neurons,14,Ex,Ex,NA,NA,NA,NA,NA,NA,NA,1,NA,NA,1,NA,NA
MEGLU7,Neurons,"Excitatory neurons, midbrain",138,Glutamate (VGLUT1),Inferior colliculus,Midbrain dorsal,125,Neurons,CNS neurons,Di- and mesencephalon neurons,Di- and mesencephalon excitatory neurons,Poor markers,Di- and mesencephalon excitatory neurons,14,Ex,Ex,NA,NA,NA,NA,NA,NA,NA,NA,NA,NA,1,NA,NA
MEGLU6,Neurons,"Excitatory neurons, midbrain",143,Glutamate (VGLUT1),"Superior colliculus, sensory related, deep layer",Midbrain dorsal,131,Neurons,CNS neurons,Di- and mesencephalon neurons,Di- and mesencephalon excitatory neurons,nan,Di- and mesencephalon excitatory neurons,14,Ex,Ex,NA,NA,NA,NA,NA,NA,NA,NA,NA,NA,1,NA,NA
DEGLU5,Neurons,"Excitatory neurons, midbrain",426,Glutamate (VGLUT1),Anterior pretectal nucleus,Midbrain dorsal,123,Neurons,CNS neurons,Di- and mesencephalon neurons,Di- and mesencephalon excitatory neurons,"doi:10.1007/s00429-011-0348-3Â Very similar to Thalamus cluster, changed",Di- and mesencephalon excitatory neurons,14,Ex,Ex,NA,NA,NA,NA,NA,NA,NA,NA,NA,NA,1,NA,NA
MEGLU2,Neurons,"Excitatory neurons, midbrain",336,Glutamate (VGLUT1),Periaqueductal grey,Midbrain dorsal,121,Neurons,CNS neurons,Di- and mesencephalon neurons,Di- and mesencephalon excitatory neurons,nan,Di- and mesencephalon excitatory neurons,14,Ex,Ex,NA,NA,NA,NA,NA,NA,NA,NA,NA,NA,1,NA,NA
MEGLU3,Neurons,"Excitatory neurons, midbrain",137,Glutamate (VGLUT1),Periaqueductal grey,Midbrain dorsal,122,Neurons,CNS neurons,Di- and mesencephalon neurons,Di- and mesencephalon excitatory neurons,nan,Di- and mesencephalon excitatory neurons,14,Ex,Ex,NA,NA,NA,NA,NA,NA,NA,NA,NA,NA,1,NA,NA
MEGLU1,Neurons,"Excitatory neurons, midbrain",263,Glutamate (VGLUT1),"Superior colliculus, red nucleus",Midbrain dorsal,124,Neurons,CNS neurons,Di- and mesencephalon neurons,Di- and mesencephalon excitatory neurons,Should split in two clusters(other side has Cbln1),Di- and mesencephalon excitatory neurons,14,Ex,Ex,NA,NA,NA,NA,NA,NA,NA,NA,NA,NA,1,NA,NA
MEGLU5,Neurons,"Excitatory neurons, midbrain",281,Glutamate (VGLUT1),"Superior colliculus, sensory related",Midbrain dorsal,132,Neurons,CNS neurons,Di- and mesencephalon neurons,Di- and mesencephalon excitatory neurons,nan,Di- and mesencephalon excitatory neurons,14,Ex,Ex,NA,NA,NA,NA,NA,NA,NA,NA,NA,NA,1,NA,NA
MEGLU4,Neurons,"Excitatory neurons, midbrain",136,"Glutamate (VGLUT1), Nitric oxide","Superior colliculus, sensory related",Midbrain dorsal,133,Neurons,CNS neurons,Di- and mesencephalon neurons,Di- and mesencephalon excitatory neurons,nan,Di- and mesencephalon excitatory neurons,14,Ex,Ex,NA,NA,NA,NA,NA,NA,NA,1,NA,NA,1,NA,NA
DEGLU4,Neurons,"Excitatory neurons, thalamus",101,Glutamate (VGLUT2),Parafascicular nucleus,Thalamus,140,Neurons,CNS neurons,Di- and mesencephalon neurons,Di- and mesencephalon excitatory neurons,nan,Di- and mesencephalon excitatory neurons,14,Ex,Ex,NA,NA,NA,NA,NA,NA,NA,NA,NA,NA,NA,1,NA
DEGLU3,Neurons,"Excitatory neurons, thalamus",1113,Glutamate (VGLUT2),Paraventricular nucleus of the thalamus,Thalamus,139,Neurons,CNS neurons,Di- and mesencephalon neurons,Di- and mesencephalon excitatory neurons,nan,Di- and mesencephalon excitatory neurons,14,Ex,Ex,NA,NA,NA,NA,NA,NA,NA,NA,NA,NA,NA,1,NA
OBNBL1,Neurons,"Neuroblasts, olfactory",139,Glutamate (VGLUT1),"Main olfactory bulb mitral layer, Main olfactory bulb outer plexiform layer",Olfactory bulb,180,Neurons,CNS neurons,Immature neural,Glutamatergic neuroblasts,nan,Neuroblasts,21,Ex,NA,NA,NA,NA,NA,NA,NA,NA,NA,NA,NA,1,NA,NA
MBCHO1,Neurons,"Cholinergic neurons, midbrain red nucleus",62,Acetylcholine,Red nucleus,Midbrain ventral,130,Neurons,CNS neurons,Di- and mesencephalon neurons,Di- and mesencephalon excitatory neurons,"Low Chat,Slc5a7 (but see https://www.ncbi.nlm.nih.gov/pubmed/3708316)",Di- and mesencephalon excitatory neurons,14,Acetylcholine,NA,1,NA,NA,NA,NA,NA,NA,NA,NA,NA,NA,NA,NA
HBGLU9,Neurons,"Excitatory neurons, hindbrain",97,Glutamate (VGLUT2),Spinal nucleus of the trigeminal,Medulla,168,Neurons,CNS neurons,Hindbrain neurons,Hindbrain neurons,nan,Hindbrain neurons,12,Ex,Ex,NA,NA,NA,NA,NA,NA,NA,NA,NA,NA,NA,1,NA
SCGLU1,Neurons,"Excitatory neurons, spinal cord",52,Glutamate (VGLUT2),Dorsal horn lamina 4-6,Spinal cord,108,Neurons,CNS neurons,Spinal cord neurons,Spinal cord excitatory neurons,correspond to Glut14 in C1 data.,Spinal cord excitatory neurons,15,Ex,Ex,NA,NA,NA,NA,NA,NA,NA,NA,NA,NA,NA,1,NA
HBGLU10,Neurons,"Excitatory neurons, hindbrain",80,Glutamate (VGLUT2),Nucleus of the solitary tract,Medulla,118,Neurons,CNS neurons,Spinal cord neurons,Spinal cord excitatory neurons,nan,Spinal cord excitatory neurons,15,Ex,Ex,NA,NA,NA,NA,NA,NA,NA,NA,NA,NA,NA,1,NA
SCGLU10,Neurons,"Excitatory neurons, spinal cord",68,Glutamate (VGLUT2),Dorsal horn lamina 2-4,Spinal cord,117,Neurons,CNS neurons,Spinal cord neurons,Spinal cord excitatory neurons,correspond to Glut1 in C1 data. Might include some Glut4.,Spinal cord excitatory neurons,15,Ex,Ex,NA,NA,NA,NA,NA,NA,NA,NA,NA,NA,NA,1,NA
HBGLU2,Neurons,"Excitatory neurons, hindbrain",200,"Glutamate (VGLUT2), Nitric oxide",Nucleus of the solitary tract,Medulla,120,Neurons,CNS neurons,Di- and mesencephalon neurons,Di- and mesencephalon excitatory neurons,nan,Di- and mesencephalon excitatory neurons,14,Ex,Ex,NA,NA,NA,NA,NA,NA,NA,1,NA,NA,NA,1,NA
HBGLU3,Neurons,"Excitatory neurons, hindbrain",107,"Glutamate (VGLUT2), Nitric oxide",Nucleus of the solitary tract,Medulla,119,Neurons,CNS neurons,Di- and mesencephalon neurons,Di- and mesencephalon excitatory neurons,nan,Di- and mesencephalon excitatory neurons,14,Ex,Ex,NA,NA,NA,NA,NA,NA,NA,1,NA,NA,NA,1,NA
HBNOR,Neurons,Noradrenergic neurons of the medulla,23,"Noradrenaline, Nitric oxide",A1-2 noradrenergic cell groups,Medulla,72,Neurons,CNS neurons,"Cholinergic, monoaminergic and peptidergic neurons",Cholinergic and monoaminergic neurons,nan,Cholinergic and monoaminergic neurons,18,Monoamines,NA,NA,NA,NA,NA,NA,NA,NA,1,1,NA,NA,NA,NA
HBGLU1,Neurons,"Excitatory neurons, hindbrain",52,"Glutamate (VGLUT2, VGLUT3)",Inferior olivary complex,Medulla,136,Neurons,CNS neurons,Di- and mesencephalon neurons,Di- and mesencephalon excitatory neurons,nan,Di- and mesencephalon excitatory neurons,14,Ex,Ex,NA,NA,NA,NA,NA,NA,NA,NA,NA,NA,NA,1,1
DEGLU2,Neurons,"Excitatory neurons, hypothalamus",257,"Glutamate (VGLUT1,VGLUT2)",Subparafascicular nucleus,Hypothalamus,138,Neurons,CNS neurons,Di- and mesencephalon neurons,Di- and mesencephalon excitatory neurons,nan,Di- and mesencephalon excitatory neurons,14,Ex,Ex,NA,NA,NA,NA,NA,NA,NA,NA,NA,NA,1,1,NA
DEGLU1,Neurons,"Excitatory neurons, thalamus",1058,"Glutamate (VGLUT1,VGLUT2)",Posterior thalamus,Thalamus,137,Neurons,CNS neurons,Di- and mesencephalon neurons,Di- and mesencephalon excitatory neurons,nan,Di- and mesencephalon excitatory neurons,14,Ex,Ex,NA,NA,NA,NA,NA,NA,NA,NA,NA,NA,1,1,NA
MSN1,Neurons,"D1 medium spiny neurons, striatum",869,GABA,Striatum dorsal,Striatum dorsal,27,Neurons,CNS neurons,Telencephalon projecting neurons,Telencephalon projecting inhibitory neurons,nan,Telencephalon projecting inhibitory neurons,23,In,NA,NA,NA,NA,1,NA,NA,NA,NA,NA,NA,NA,NA,NA
MSN2,Neurons,"D2 medium spiny neurons, striatum",1094,GABA,Striatum dorsal,Striatum dorsal,28,Neurons,CNS neurons,Telencephalon projecting neurons,Telencephalon projecting inhibitory neurons,nan,Telencephalon projecting inhibitory neurons,23,In,NA,NA,NA,NA,1,NA,NA,NA,NA,NA,NA,NA,NA,NA
MSN3,Neurons,"D2 medium spiny neurons, striatum",1247,GABA,Striatum ventral,Striatum ventral,29,Neurons,CNS neurons,Telencephalon projecting neurons,Telencephalon projecting inhibitory neurons,nan,Telencephalon projecting inhibitory neurons,23,In,NA,NA,NA,NA,1,NA,NA,NA,NA,NA,NA,NA,NA,NA
MSN5,Neurons,"Patch D1/D2 neurons, striatum",372,GABA,Striatum ventral,Striatum ventral,31,Neurons,CNS neurons,Telencephalon projecting neurons,Telencephalon projecting inhibitory neurons,nan,Telencephalon projecting inhibitory neurons,23,In,NA,NA,NA,NA,1,NA,NA,NA,NA,NA,NA,NA,NA,NA
MSN4,Neurons,"D1 medium spiny neurons, striatum",1584,GABA,Striatum ventral,Striatum ventral,30,Neurons,CNS neurons,Telencephalon projecting neurons,Telencephalon projecting inhibitory neurons,nan,Telencephalon projecting inhibitory neurons,23,In,NA,NA,NA,NA,1,NA,NA,NA,NA,NA,NA,NA,NA,NA
MSN6,Neurons,"Matrix D1 neurons, striatum",525,GABA,Striatum ventral,Striatum ventral,32,Neurons,CNS neurons,Telencephalon projecting neurons,Telencephalon projecting inhibitory neurons,"contain markers similar to RGL, might be involve in neurogenesis",Telencephalon projecting inhibitory neurons,23,In,NA,NA,NA,NA,1,NA,NA,NA,NA,NA,NA,NA,NA,NA
OEC,Astrocytes,Olfactory ensheathing cells,2031,NA,Olfactory bulb,Olfactory bulb,238,Glia,Neural crest-like glia,Neural crest-like glia,Olfactory ensheathing cells,nan,Other glia,4,NA,NA,NA,NA,NA,NA,NA,NA,NA,NA,NA,NA,NA,NA,NA
DETPH,Neurons,"Neuroblast-like, habenula",7,NA,Medial habenula,Thalamus,33,Neurons,CNS neurons,Immature neural,Non-glutamatergic neuroblasts,Tph1,Neuroblasts,21,Undefined class,NA,NA,NA,NA,NA,NA,NA,1,NA,NA,NA,NA,NA,NA
RGDG,Astrocytes,Dentate gyrus radial glia-like cells,327,NA,Dentate gyrus subgranular zone,Dentate gyrus,229,Glia,CNS glia,Astroependymal cells,Dentate gyrus radial glia-like cells,nan,Other CNS glia,6,NA,NA,NA,NA,NA,NA,NA,NA,NA,NA,NA,NA,NA,NA,NA
RGSZ,Astrocytes,Subventricular zone radial glia-like cells,756,NA,"Striatum, rostral migragtory stream, olfactory bulb","Striatum dorsal,Striatum ventral",230,Glia,CNS glia,Astroependymal cells,Subventricular zone radial glia-like cells,nan,Other CNS glia,6,NA,NA,NA,NA,NA,NA,NA,NA,NA,NA,NA,NA,NA,NA,NA
OPC,Oligos,Oligodendrocytes precursor cells,820,NA,CNS,CNS,239,Glia,Neural crest-like glia,Neural crest-like glia,Oligodendrocyte precursor cells,nan,Oligodendrocytes,7,NA,NA,NA,NA,NA,NA,NA,NA,NA,NA,NA,NA,NA,NA,NA
SZNBL,Neurons,Neuronal intermidate progenitor cells,971,NA,"Sub ventricular zone, Dentate gyrus","Striatum dorsal, Striatum ventral, Dentate gyrus",36,Neurons,CNS neurons,Immature neural,Non-glutamatergic neuroblasts,nan,Neuroblasts,21,Undefined class,NA,NA,NA,NA,NA,NA,NA,1,NA,NA,NA,NA,NA,NA
EPMB,Ependymal,"Ependymal cells, midbrain",69,NA,Dorsal midbrain pia,Midbrain dorsal,228,Glia,CNS glia,Astroependymal cells,Ependymal cells,"Gfap high, no Aqp4,Gja1,Foxj1",Other CNS glia,6,NA,NA,NA,NA,NA,NA,NA,NA,NA,NA,NA,NA,NA,NA,NA
HYPEN,Ependymal,"Hypendymal cell, subcommissural organ",111,NA,Subcommissural organ,Subcommissural organ,225,Glia,CNS glia,Astroependymal cells,Subcommissural organ hypendymal cells,nan,Other CNS glia,6,NA,NA,NA,NA,NA,NA,NA,NA,NA,NA,NA,NA,NA,NA,NA
OBDOP2,Neurons,"Dopaminergic neurons, olfactory nulb",281,"GABA,Dopamine",Olfactory bulb,Olfactory bulb,39,Neurons,CNS neurons,Telencephalon interneurons,Olfactory inhibitory neurons,Confusing stainings in Allen,Olfactory inhibitory neurons,20,In,NA,NA,NA,1,1,NA,NA,NA,NA,NA,NA,NA,NA,NA
OBINH2,Neurons,"Inner horizontal cell, olfactory bulb",1800,GABA,"Olfactory bulb, mitral cell layer",Olfactory bulb,40,Neurons,CNS neurons,Telencephalon interneurons,Olfactory inhibitory neurons,nan,Olfactory inhibitory neurons,20,In,NA,NA,NA,NA,1,NA,NA,NA,NA,NA,NA,NA,NA,NA
OBINH3,Neurons,"Inhibitory neurons, olfactory bulb",786,GABA,Accessory olfactory bulb granular layer,Olfactory bulb,41,Neurons,CNS neurons,Telencephalon interneurons,Olfactory inhibitory neurons,nan,Olfactory inhibitory neurons,20,In,In,NA,NA,NA,1,NA,NA,NA,NA,NA,NA,NA,NA,NA
OBINH1,Neurons,"Inhibitory neurons, olfactory bulb",353,GABA,Main and accessory olfactory bulb granular layer,Olfactory bulb,38,Neurons,CNS neurons,Telencephalon interneurons,Olfactory inhibitory neurons,nan,Olfactory inhibitory neurons,20,In,In,NA,NA,NA,1,NA,NA,NA,NA,NA,NA,NA,NA,NA
OBINH4,Neurons,"Inhibitory neurons, olfactory bulb",465,GABA,"Olfactory bulb, inner granular layer",Olfactory bulb,42,Neurons,CNS neurons,Telencephalon interneurons,Olfactory inhibitory neurons,nan,Olfactory inhibitory neurons,20,In,In,NA,NA,NA,1,NA,NA,NA,NA,NA,NA,NA,NA,NA
OBNBL2,Neurons,"Neuroblasts, olfactory bulb",225,Glutamate (VGLUT2),"Main olfactory bulb mitral layer, Main olfactory bulb outer plexiform layer",Olfactory bulb,181,Neurons,CNS neurons,Immature neural,Glutamatergic neuroblasts,nan,Neuroblasts,21,Ex,NA,NA,NA,NA,NA,NA,NA,NA,NA,NA,NA,NA,1,NA
TEGLU6,Neurons,"Excitatory neurons, cerebral cortex",598,"Glutamate (VGLUT1,VGLUT2)","Cingulate/Retrosplenial area, layer 2",Cortex,11,Neurons,CNS neurons,Telencephalon projecting neurons,Telencephalon projecting excitatory neurons,nan,Telencephalon projecting excitatory neurons,24,Ex,Ex,NA,NA,NA,NA,NA,NA,NA,NA,NA,NA,1,1,NA
TEGLU1,Neurons,"Excitatory neurons, cerebral cortex",402,"Glutamate (VGLUT1, VGLUT3)","Cingulate/Retrosplenial area, layer 6",Cortex,1,Neurons,CNS neurons,Telencephalon projecting neurons,Telencephalon projecting excitatory neurons,nan,Telencephalon projecting excitatory neurons,24,Ex,Ex,NA,NA,NA,NA,NA,NA,NA,NA,NA,NA,1,NA,1
DGGRC2,Neurons,"Granule neurons, dentate gyrus",3385,Glutamate (VGLUT1),Dentate gyrus,Dentate gyrus,26,Neurons,CNS neurons,Telencephalon projecting neurons,Dentate gyrus granule neurons,nan,Other CNS neurons,22,Ex,NA,NA,NA,NA,NA,NA,NA,NA,NA,NA,NA,1,NA,NA
DGGRC1,Neurons,"Granule neuroblasts, dentate gyrus",983,Glutamate (VGLUT1),Dentate gyrus,Dentate gyrus,25,Neurons,CNS neurons,Telencephalon projecting neurons,Dentate gyrus granule neurons,nan,Other CNS neurons,22,Ex,NA,NA,NA,NA,NA,NA,NA,NA,NA,NA,NA,1,NA,NA
DGNBL1,Neurons,"Granule neuroblasts, dentate gyrus",159,NA,Dentate gyrus,Dentate gyrus,35,Neurons,CNS neurons,Immature neural,Non-glutamatergic neuroblasts,nan,Neuroblasts,21,Undefined class,NA,NA,NA,NA,NA,NA,NA,1,NA,NA,NA,NA,NA,NA
DGNBL2,Neurons,"Granule neuroblasts, dentate gyrus",1445,NA,Dentate gyrus,Dentate gyrus,34,Neurons,CNS neurons,Immature neural,Non-glutamatergic neuroblasts,nan,Neuroblasts,21,Undefined class,NA,NA,NA,NA,NA,NA,NA,1,NA,NA,NA,NA,NA,NA
OBNBL3,Neurons,"Neuroblasts, olfactory bulb",2240,GABA,Olfactory bulb,Olfactory bulb,37,Neurons,CNS neurons,Immature neural,Non-glutamatergic neuroblasts,nan,Neuroblasts,21,In,NA,NA,NA,NA,1,NA,NA,NA,NA,NA,NA,NA,NA,NA
HYPEP3,Neurons,"Peptidergic neurons, hypothalamus",152,"Glutamate (VGLUT2), Nitric oxide",Ventromedial hypothalamic nucleus,Hypothalamus,87,Neurons,CNS neurons,"Cholinergic, monoaminergic and peptidergic neurons",Peptidergic neurons,should be split to Th/GABA and Glut,Peptidergic neurons,17,Ex,NA,NA,NA,NA,NA,NA,NA,NA,1,NA,NA,NA,1,NA
HYPEP2,Neurons,"Peptidergic neurons, hypothalamus",43,Nitric oxide,Paraventricular hypothalamic nucleus,Hypothalamus,89,Neurons,CNS neurons,"Cholinergic, monoaminergic and peptidergic neurons",Peptidergic neurons,nan,Peptidergic neurons,17,Nitric oxide,NA,NA,NA,NA,NA,NA,NA,NA,1,NA,NA,NA,NA,NA
HYPEP1,Neurons,"Peptidergic neurons, hypothalamus",191,Glutamate (VGLUT2),Lateral hypothalamic area,Hypothalamus,88,Neurons,CNS neurons,"Cholinergic, monoaminergic and peptidergic neurons",Peptidergic neurons,nan,Peptidergic neurons,17,Ex,NA,NA,NA,NA,NA,NA,NA,NA,NA,NA,NA,NA,1,NA
CBNBL2,Neurons,"Neuroblasts, cerebellum",293,NA,Cerabellum,Cerebellum,177,Neurons,CNS neurons,Cerebellum neurons,Cerebellum neurons,nan,Hindbrain neurons,12,Undefined class,NA,NA,NA,NA,NA,NA,NA,1,NA,NA,NA,NA,NA,NA
CBGRC,Neurons,"Granule neurons, cerebellum",4193,Glutamate (VGLUT1),Cerebellum,Cerebellum,176,Neurons,CNS neurons,Cerebellum neurons,Cerebellum neurons,Almost half are clearly Calb2-negative,Hindbrain neurons,12,Ex,NA,NA,NA,NA,NA,NA,NA,NA,NA,NA,NA,1,NA,NA
CR,Neurons,"Cajal-Retzius cells, hippocampus",222,Glutamate (VGLUT2),Dentate gyrus molecular layer,Dentate gyrus,134,Neurons,CNS neurons,Di- and mesencephalon neurons,Di- and mesencephalon excitatory neurons,nan,Di- and mesencephalon excitatory neurons,14,Ex,NA,NA,NA,NA,NA,NA,NA,NA,NA,NA,NA,NA,1,NA
CBNBL1,Neurons,"Neuroblasts, cerebellum",163,Glutamate (VGLUT2),"Hindbrain (pons, medulla cerabellum)","Pons,Medulla,Cerebellum",178,Neurons,CNS neurons,Immature neural,Glutamatergic neuroblasts,nan,Neuroblasts,21,Ex,NA,NA,NA,NA,NA,NA,NA,NA,NA,NA,NA,NA,1,NA
SEPNBL,Neurons,"Neuroblasts, septum",117,Glutamate (VGLUT1),Triangular nucleus of septum,Pallidum,179,Neurons,CNS neurons,Immature neural,Glutamatergic neuroblasts,nan,Neuroblasts,21,Ex,NA,NA,NA,NA,NA,NA,NA,NA,NA,NA,NA,1,NA,NA
OBNBL5,Neurons,"Inhibitory neurons, olfactory bulb",871,GABA,"Main olfactory bulb, glomerular layer and Accessory olfactory bulb, granular layer",Olfactory bulb,44,Neurons,CNS neurons,Telencephalon interneurons,Olfactory inhibitory neurons,nan,Olfactory inhibitory neurons,20,In,In,NA,NA,NA,1,NA,NA,NA,NA,NA,NA,NA,NA,NA
OBNBL4,Neurons,"Inhibitory neurons, olfactory bulb",208,GABA,"Main olfactory bulb, glomerular layer",Olfactory bulb,43,Neurons,CNS neurons,Telencephalon interneurons,Olfactory inhibitory neurons,nan,Olfactory inhibitory neurons,20,In,In,NA,NA,NA,1,NA,NA,NA,NA,NA,NA,NA,NA,NA
DECHO2,Neurons,"Cholinergic neurons, habenula",207,"Acetylcholine,Glutamate (VGLUT1,VGLUT3)",Habenula,Thalamus,135,Neurons,CNS neurons,Di- and mesencephalon neurons,Di- and mesencephalon excitatory neurons,nan,Di- and mesencephalon excitatory neurons,14,Ex,NA,1,NA,NA,NA,NA,NA,NA,NA,NA,NA,1,NA,1
HYPEP5,Neurons,"Vasopressin-producing cells, hypothalamus",173,Glutamate (VGLUT2),Paraventricular hypothalamic nucleus magnocellular division and/or Diagonal band nucleus,Hypothalamus,94,Neurons,CNS neurons,"Cholinergic, monoaminergic and peptidergic neurons",Peptidergic neurons,nan,Peptidergic neurons,17,Ex,NA,NA,NA,NA,NA,NA,NA,NA,NA,NA,NA,NA,1,NA
DEINH7,Neurons,"Inhibitory neurons, hypothalamus",182,GABA,"Suprachiasmatic nucleus, Medial preoptic nucleus",Hypothalamus,93,Neurons,CNS neurons,"Cholinergic, monoaminergic and peptidergic neurons",Peptidergic neurons,nan,Peptidergic neurons,17,In,In,NA,NA,NA,1,NA,NA,NA,NA,NA,NA,NA,NA,NA
HYPEP4,Neurons,"Oxytocin-producing cells, hypothalamus",98,Nitric oxide,Dorsomedial nucleus of the hypothalamus. magnocellular neurosecretory cells.,Hypothalamus,95,Neurons,CNS neurons,"Cholinergic, monoaminergic and peptidergic neurons",Peptidergic neurons,nan,Peptidergic neurons,17,Nitric oxide,NA,NA,NA,NA,NA,NA,NA,NA,1,NA,NA,NA,NA,NA
HBGLU8,Neurons,"Excitatory neurons, hindbrain",11,"Glutamate (VGLUT1,VGLUT2), Nitric oxide",Tegmental reticular nucleus,Pons,167,Neurons,CNS neurons,Hindbrain neurons,Hindbrain neurons,merge with 10,Hindbrain neurons,12,Ex,Ex,NA,NA,NA,NA,NA,NA,NA,1,NA,NA,1,1,NA
HBGLU6,Neurons,"Excitatory neurons, hindbrain",252,"Glutamate (VGLUT1,VGLUT2), Nitric oxide",Pontine gray,Pons,165,Neurons,CNS neurons,Hindbrain neurons,Hindbrain neurons,nan,Hindbrain neurons,12,Ex,Ex,NA,NA,NA,NA,NA,NA,NA,1,NA,NA,1,1,NA
HBGLU7,Neurons,"Excitatory neurons, hindbrain",275,"Glutamate (VGLUT1,VGLUT2), Nitric oxide",Tegmental reticular nucleus,Pons,166,Neurons,CNS neurons,Hindbrain neurons,Hindbrain neurons,nan,Hindbrain neurons,12,Ex,Ex,NA,NA,NA,NA,NA,NA,NA,1,NA,NA,1,1,NA
HBGLU5,Neurons,"Excitatory neurons, hindbrain",130,"Glutamate (VGLUT1), Nitric oxide","Pontine reticular nucleus, caudal part",Pons,164,Neurons,CNS neurons,Hindbrain neurons,Hindbrain neurons,nan,Hindbrain neurons,12,Ex,Ex,NA,NA,NA,NA,NA,NA,NA,1,NA,NA,1,NA,NA
HBGLU4,Neurons,"Excitatory neurons, hindbrain",7,"Glutamate (VGLUT2), Nitric oxide",Medial vestibular nucleus and Nucleus prepositus,Medulla,163,Neurons,CNS neurons,Hindbrain neurons,Hindbrain neurons,nan,Hindbrain neurons,12,Ex,Ex,NA,NA,NA,NA,NA,NA,NA,1,NA,NA,NA,1,NA
HBCHO2,Neurons,"Cholinergic neurons, hindbrain",22,"Acetylcholine, Glutamate (VGLUT2), Nitric oxide","Medial pontine nuclei, reticulotegmental nuclei",Pons,162,Neurons,CNS neurons,Hindbrain neurons,Hindbrain neurons,"Low Chat,Slc5a7",Hindbrain neurons,12,Ex,NA,1,NA,NA,NA,NA,NA,NA,1,NA,NA,NA,1,NA
HBCHO1,Neurons,"Cholinergic neurons, hindbrain",10,"Acetylcholine,Glutamate (VGLUT2)",Medulla (several nuclei),Medulla,161,Neurons,CNS neurons,Hindbrain neurons,Hindbrain neurons,nan,Hindbrain neurons,12,Ex,NA,1,NA,NA,NA,NA,NA,NA,NA,NA,NA,NA,1,NA
HBCHO3,Neurons,Afferent nuclei of cranial nerves VI-XII,72,"Acetylcholine, Nitric oxide",Afferent nuclei of cranial nerves VI-XII,Medulla,70,Neurons,CNS neurons,"Cholinergic, monoaminergic and peptidergic neurons",Cholinergic and monoaminergic neurons,nan,Cholinergic and monoaminergic neurons,18,Acetylcholine,NA,1,NA,NA,NA,NA,NA,NA,1,NA,NA,NA,NA,NA
HBADR,Neurons,Adrenergic cell groups of the medulla,40,"Adrenaline, Glutamate (VGLUT3)","Nucleus of the solitary tract, adrenergic cell groups C1-3",Medulla,71,Neurons,CNS neurons,"Cholinergic, monoaminergic and peptidergic neurons",Cholinergic and monoaminergic neurons,nan,Cholinergic and monoaminergic neurons,18,Ex,NA,NA,1,NA,NA,NA,NA,NA,NA,NA,NA,NA,NA,1
HBCHO4,Neurons,Afferent nuclei of cranial nerves III-V,52,"Acetylcholine, Nitric oxide",Afferent nuclei of cranial nerves III-V,Pons,69,Neurons,CNS neurons,"Cholinergic, monoaminergic and peptidergic neurons",Cholinergic and monoaminergic neurons,nan,Cholinergic and monoaminergic neurons,18,Acetylcholine,NA,1,NA,NA,NA,NA,NA,NA,1,NA,NA,NA,NA,NA
TECHO,Neurons,"Cholinergic interneurons, telencephalon",121,"Acetylcholine, Glutamate (VGLUT3), Nitric oxide","Striatum,Amygdala","Striatum dorsal, Striatum ventral,Amygdala",67,Neurons,CNS neurons,"Cholinergic, monoaminergic and peptidergic neurons",Cholinergic and monoaminergic neurons,nan,Cholinergic and monoaminergic neurons,18,Ex,NA,1,NA,NA,NA,NA,NA,NA,1,NA,NA,NA,NA,1
DECHO1,Neurons,"Cholinergic neurons, septal nucleus, Meissnert and diagonal band",114,"Acetylcholine, Glutamate (VGLUT3), Nitric oxide","Medial septal nuclues, diagonal band nucleus and nucleus basalis of Meissnert",Hypothalamus,68,Neurons,CNS neurons,"Cholinergic, monoaminergic and peptidergic neurons",Cholinergic and monoaminergic neurons,nan,Cholinergic and monoaminergic neurons,18,Ex,NA,1,NA,NA,NA,NA,NA,NA,1,NA,NA,NA,NA,1
SCINH1,Neurons,"Inhibitory neurons, spinal cord",18,"GABA, Glycine (GLYT2)","Dorsal horn, lamina 2-3,6",Spinal cord,171,Neurons,CNS neurons,Hindbrain neurons,Hindbrain neurons,"correspond to Gaba14,15 in C1 data.",Hindbrain neurons,12,In,In,NA,NA,NA,1,NA,1,NA,NA,NA,NA,NA,NA,NA
HBINH8,Neurons,"Inhibitory neurons, hindbrain",11,"GABA, Glycine (GLYT1,GLYT2)",Spinal nucleus of the trigeminal,Medulla,170,Neurons,CNS neurons,Hindbrain neurons,Hindbrain neurons,nan,Hindbrain neurons,12,In,In,NA,NA,NA,1,1,1,NA,NA,NA,NA,NA,NA,NA
HBINH7,Neurons,"Inhibitory neurons, hindbrain",25,"GABA, Glycine (GLYT1,GLYT2)",Superior olivary complex,Pons,169,Neurons,CNS neurons,Hindbrain neurons,Hindbrain neurons,nan,Hindbrain neurons,12,In,In,NA,NA,NA,1,1,1,NA,NA,NA,NA,NA,NA,NA
HBINH5,Neurons,"Inhibitory neurons, hindbrain",480,"GABA, Glycine (GLYT1,GLYT2)",Gigantocellular reticular nucleus,Medulla,150,Neurons,CNS neurons,Di- and mesencephalon neurons,Di- and mesencephalon inhibitory neurons,nan,Di- and mesencephalon inhibitory neurons,13,In,In,NA,NA,NA,1,1,1,NA,NA,NA,NA,NA,NA,NA
CBINH2,Neurons,"Granular layer interneurons, cerebellum",17,"GABA, Glycine (GLYT2)","Cerebellum, granular layer",Cerebellum,172,Neurons,CNS neurons,Cerebellum neurons,Cerebellum neurons,nan,Hindbrain neurons,12,In,NA,NA,NA,NA,1,NA,1,NA,NA,NA,NA,NA,NA,NA
CBPC,Neurons,Purkinje cells,84,GABA,"Cerebellum, border of granular layer and molecular layer",Cerebellum,175,Neurons,CNS neurons,Cerebellum neurons,Cerebellum neurons,nan,Hindbrain neurons,12,In,NA,NA,NA,NA,1,NA,NA,NA,NA,NA,NA,NA,NA,NA
CBINH1,Neurons,"Molecular layer interneurons, cerebellum",662,"GABA, Nitric oxide","Cerebellum, molecular layer",Cerebellum,174,Neurons,CNS neurons,Cerebellum neurons,Cerebellum neurons,nan,Hindbrain neurons,12,In,NA,NA,NA,NA,1,NA,NA,NA,1,NA,NA,NA,NA,NA
MEINH1,Neurons,"Inhibitory neurons, midbrain",43,"GABA, Nitric oxide","VTA, Substantia nigra, central nucleus raphe",Midbrain ventral,173,Neurons,CNS neurons,Cerebellum neurons,Cerebellum neurons,nan,Hindbrain neurons,12,In,In,NA,NA,NA,1,NA,NA,NA,1,NA,NA,NA,NA,NA
TEINH17,Neurons,"Axo-axonic, cortex/hippocampus",675,GABA,"Hippocampus,Cortex","Hippocampus,Cortex",49,Neurons,CNS neurons,Telencephalon interneurons,Telencephalon inhibitory interneurons,nan,Telencephalon inhibitory interneurons,19,In,NA,NA,NA,NA,1,NA,NA,NA,NA,NA,NA,NA,NA,NA
TEINH18,Neurons,"Basket and bistratified cells, cortex/hippocampus",547,"GABA, Nitric oxide","Hippocampus,Cortex","Hippocampus,Cortex",50,Neurons,CNS neurons,Telencephalon interneurons,Telencephalon inhibitory interneurons,nan,Telencephalon inhibitory interneurons,19,In,NA,NA,NA,NA,1,NA,NA,NA,1,NA,NA,NA,NA,NA
DEINH2,Neurons,"Inhibitory neurons, thalamus",167,GABA,Reticular nucleus of the thalamus,Thalamus,48,Neurons,CNS neurons,Telencephalon interneurons,Telencephalon inhibitory interneurons,nan,Telencephalon inhibitory interneurons,19,In,In,NA,NA,NA,1,NA,NA,NA,NA,NA,NA,NA,NA,NA
DEINH1,Neurons,"Inhibitory neurons, thalamus",339,GABA,Reticular nucleus of the thalamus (Sst low),Thalamus,47,Neurons,CNS neurons,Telencephalon interneurons,Telencephalon inhibitory interneurons,nan,Telencephalon inhibitory interneurons,19,In,In,NA,NA,NA,1,NA,NA,NA,NA,NA,NA,NA,NA,NA
DEINH6,Neurons,"Peptidergic neurons, hypothalamus",12,GABA,"Arcuate hypothalamic nucleus (probably, Npy, Agrp cells)",Hypothalamus,91,Neurons,CNS neurons,"Cholinergic, monoaminergic and peptidergic neurons",Peptidergic neurons,nan,Peptidergic neurons,17,In,NA,NA,NA,NA,1,NA,NA,NA,NA,NA,NA,NA,NA,NA
MEINH13,Neurons,"Inhibitory neurons, midbrain",70,GABA,"Ventral/caudal midbrain (SN, VTA, reticular nucleus)",Midbrain ventral,154,Neurons,CNS neurons,Di- and mesencephalon neurons,Di- and mesencephalon inhibitory neurons,nan,Di- and mesencephalon inhibitory neurons,13,In,In,NA,NA,NA,1,NA,NA,NA,NA,NA,NA,NA,NA,NA
MEINH8,Neurons,"Inhibitory neurons, midbrain",71,GABA,"Superior colliculus superficial grey layer; Erdinger-Westphal nucleus, periaqueductal grey, nucleus of the optic tract",Midbrain dorsal,155,Neurons,CNS neurons,Di- and mesencephalon neurons,Di- and mesencephalon inhibitory neurons,Mixed cluster should be split in two,Di- and mesencephalon inhibitory neurons,13,In,In,NA,NA,NA,1,NA,NA,NA,NA,NA,NA,NA,NA,NA
MEINH14,Neurons,"Inhibitory neurons, midbrain",21,GABA,"Midbrain reticular nucleus, Darkschewitz nucleus,",Midbrain ventral,90,Neurons,CNS neurons,"Cholinergic, monoaminergic and peptidergic neurons",Peptidergic neurons,nan,Peptidergic neurons,17,In,In,NA,NA,NA,1,NA,NA,NA,NA,NA,NA,NA,NA,NA
DEINH4,Neurons,"Inhibitory neurons, thalamus",57,"GABA, Nitric oxide",Paraventricular nucleus of the thalamus (best fit) but do not fit with Nmu expression,Thalamus,85,Neurons,CNS neurons,"Cholinergic, monoaminergic and peptidergic neurons",Peptidergic neurons,nan,Peptidergic neurons,17,In,In,NA,NA,NA,1,NA,NA,NA,1,NA,NA,NA,NA,NA
DEINH5,Neurons,"Peptidergic neurons, hypothalamus",308,GABA,"Medial preoptic nucleus, Bed nuclei of the stria terminalis anterior division",Hypothalamus,86,Neurons,CNS neurons,"Cholinergic, monoaminergic and peptidergic neurons",Peptidergic neurons,nan,Peptidergic neurons,17,In,NA,NA,NA,NA,1,NA,NA,NA,NA,NA,NA,NA,NA,NA
TEINH2,Neurons,"Inhibitory neurons, septal nucleus",1339,GABA,Septal nucleus,"Striatum dorsal, Striatum ventral",84,Neurons,CNS neurons,"Cholinergic, monoaminergic and peptidergic neurons",Peptidergic neurons,nan,Peptidergic neurons,17,In,In,NA,NA,NA,1,NA,NA,NA,NA,NA,NA,NA,NA,NA
TEINH1,Neurons,"Inhibitory neurons, pallidum",576,GABA,Medial septal nucleus and Magnocellular nucleus,Pallidum,153,Neurons,CNS neurons,Di- and mesencephalon neurons,Di- and mesencephalon inhibitory neurons,nan,Di- and mesencephalon inhibitory neurons,13,In,In,NA,NA,NA,1,NA,NA,NA,NA,NA,NA,NA,NA,NA
HBINH4,Neurons,"Inhibitory neurons, hindbrain",75,"GABA, Glycine (GLYT1,GLYT2)",Paragigantocellular reticular nucleus,Medulla,158,Neurons,CNS neurons,Hindbrain neurons,Hindbrain neurons,should be very posterior in medulla because of Hox genes,Hindbrain neurons,12,In,In,NA,NA,NA,1,1,1,NA,NA,NA,NA,NA,NA,NA
HBINH3,Neurons,"Inhibitory neurons, hindbrain",127,"GABA, Glycine (GLYT1,GLYT2)",Paragigantocellular reticular nucleus,Medulla,157,Neurons,CNS neurons,Hindbrain neurons,Hindbrain neurons,should be very posterior in medulla because of Hox genes,Hindbrain neurons,12,In,In,NA,NA,NA,1,1,1,NA,NA,NA,NA,NA,NA,NA
HBINH1,Neurons,"Inhibitory neurons, hindbrain",13,"GABA, Nitric oxide","Pons, interpeduncular and tegmental nuclei in rh1",Pons,156,Neurons,CNS neurons,Di- and mesencephalon neurons,Di- and mesencephalon inhibitory neurons,nan,Di- and mesencephalon inhibitory neurons,13,In,In,NA,NA,NA,1,NA,NA,NA,1,NA,NA,NA,NA,NA
SCINH11,Neurons,"Central canal neurons, spinal cord",50,GABA,Spinal Cord central canal,Spinal cord,97,Neurons,CNS neurons,"Cholinergic, monoaminergic and peptidergic neurons",Peptidergic neurons,nan,Peptidergic neurons,17,In,NA,NA,NA,NA,1,NA,NA,NA,NA,NA,NA,NA,NA,NA
MEINH3,Neurons,"Inhibitory neurons, midbrain",258,GABA,"Dorsal midbrain, medial geniculate nucleus, anteroventral midbrain",Midbrain dorsal,149,Neurons,CNS neurons,Di- and mesencephalon neurons,Di- and mesencephalon inhibitory neurons,nan,Di- and mesencephalon inhibitory neurons,13,In,In,NA,NA,NA,1,NA,NA,NA,NA,NA,NA,NA,NA,NA
MEINH4,Neurons,"Inhibitory neurons, midbrain",162,"GABA, Nitric oxide",Anterior pretectal nucleus,Midbrain dorsal,148,Neurons,CNS neurons,Di- and mesencephalon neurons,Di- and mesencephalon inhibitory neurons,nan,Di- and mesencephalon inhibitory neurons,13,In,In,NA,NA,NA,1,NA,NA,NA,1,NA,NA,NA,NA,NA
DEINH3,Neurons,"Inhibitory neurons, hypothalamus",323,GABA,Subthalamic nucleus,Hypothalamus,152,Neurons,CNS neurons,Di- and mesencephalon neurons,Di- and mesencephalon inhibitory neurons,nan,Di- and mesencephalon inhibitory neurons,13,In,In,NA,NA,NA,1,NA,NA,NA,NA,NA,NA,NA,NA,NA
MEINH2,Neurons,"Inhibitory neurons, midbrain",461,GABA,Midbrain,"Midbrain dorsal,Midbrain ventral",151,Neurons,CNS neurons,Di- and mesencephalon neurons,Di- and mesencephalon inhibitory neurons,Magnocellular because they are huge,Di- and mesencephalon inhibitory neurons,13,In,In,NA,NA,NA,1,NA,NA,NA,NA,NA,NA,NA,NA,NA
MEINH7,Neurons,"Inhibitory neurons, midbrain",69,GABA,Superior colliculus,Midbrain dorsal,147,Neurons,CNS neurons,Di- and mesencephalon neurons,Di- and mesencephalon inhibitory neurons,nan,Di- and mesencephalon inhibitory neurons,13,In,In,NA,NA,NA,1,NA,NA,NA,NA,NA,NA,NA,NA,NA
MEINH5,Neurons,"Inhibitory neurons, midbrain",154,GABA,Superior colliculus (sparse),Midbrain dorsal,145,Neurons,CNS neurons,Di- and mesencephalon neurons,Di- and mesencephalon inhibitory neurons,nan,Di- and mesencephalon inhibitory neurons,13,In,In,NA,NA,NA,1,NA,NA,NA,NA,NA,NA,NA,NA,NA
MEINH12,Neurons,"Inhibitory neurons, midbrain",49,GABA,Superior colliculus,Midbrain dorsal,141,Neurons,CNS neurons,Di- and mesencephalon neurons,Di- and mesencephalon inhibitory neurons,No good stainings in ABA,Di- and mesencephalon inhibitory neurons,13,In,In,NA,NA,NA,1,NA,NA,NA,NA,NA,NA,NA,NA,NA
MEINH11,Neurons,"Inhibitory neurons, midbrain",101,"GABA, Nitric oxide",Superior colliculus superficial gray layer,Midbrain dorsal,142,Neurons,CNS neurons,Di- and mesencephalon neurons,Di- and mesencephalon inhibitory neurons,nan,Di- and mesencephalon inhibitory neurons,13,In,In,NA,NA,NA,1,NA,NA,NA,1,NA,NA,NA,NA,NA
MEINH9,Neurons,"Inhibitory neurons, midbrain",400,GABA,Dorsal midbrain scattered,Midbrain dorsal,144,Neurons,CNS neurons,Di- and mesencephalon neurons,Di- and mesencephalon inhibitory neurons,nan,Di- and mesencephalon inhibitory neurons,13,In,In,NA,NA,NA,1,NA,NA,NA,NA,NA,NA,NA,NA,NA
MEINH10,Neurons,"Inhibitory neurons, midbrain",792,"GABA, Nitric oxide",Superior colliculus superficial grey layer,Midbrain dorsal,143,Neurons,CNS neurons,Di- and mesencephalon neurons,Di- and mesencephalon inhibitory neurons,nan,Di- and mesencephalon inhibitory neurons,13,In,In,NA,NA,NA,1,NA,NA,NA,1,NA,NA,NA,NA,NA
MEINH6,Neurons,"Inhibitory neurons, midbrain",47,GABA,Superior colliculus,Midbrain dorsal,146,Neurons,CNS neurons,Di- and mesencephalon neurons,Di- and mesencephalon inhibitory neurons,nan,Di- and mesencephalon inhibitory neurons,13,In,In,NA,NA,NA,1,NA,NA,NA,NA,NA,NA,NA,NA,NA
HBINH6,Neurons,"Inhibitory neurons, hindbrain",62,"GABA, Glycine (GLYT1)",Koelliker-Fuse subnucleus,Pons,159,Neurons,CNS neurons,Hindbrain neurons,Hindbrain neurons,nan,Hindbrain neurons,12,In,In,NA,NA,NA,1,1,NA,NA,NA,NA,NA,NA,NA,NA
HBINH2,Neurons,"Inhibitory neurons, hindbrain",22,"GABA, Glycine (GLYT1), Nitric oxide",Nucleus of the solitary tract,Medulla,160,Neurons,CNS neurons,Hindbrain neurons,Hindbrain neurons,nan,Hindbrain neurons,12,In,In,NA,NA,NA,1,1,NA,NA,1,NA,NA,NA,NA,NA
SCGLU8,Neurons,"Excitatory neurons, spinal cord",15,Glutamate (VGLUT2),Dorsal horn lamina 2-5,Spinal cord,115,Neurons,CNS neurons,Spinal cord neurons,Spinal cord excitatory neurons,correspond to Glut2 in C1 data.,Spinal cord excitatory neurons,15,Ex,Ex,NA,NA,NA,NA,NA,NA,NA,NA,NA,NA,NA,1,NA
SCGLU9,Neurons,"Excitatory neurons, spinal cord",154,Glutamate (VGLUT2),Dorsal horn lamina 3,Spinal cord,116,Neurons,CNS neurons,Spinal cord neurons,Spinal cord excitatory neurons,correspond to Glut3 in C1 data.,Spinal cord excitatory neurons,15,Ex,Ex,NA,NA,NA,NA,NA,NA,NA,NA,NA,NA,NA,1,NA
SCGLU7,Neurons,"Excitatory neurons, spinal cord",30,Glutamate (VGLUT2),Dorsal horn lamina 2-5,Spinal cord,114,Neurons,CNS neurons,Spinal cord neurons,Spinal cord excitatory neurons,correspond to subpopulation of Glut2 in C1 data.,Spinal cord excitatory neurons,15,Ex,Ex,NA,NA,NA,NA,NA,NA,NA,NA,NA,NA,NA,1,NA
SCGLU2,Neurons,"Excitatory neurons, spinal cord",133,Glutamate (VGLUT2),Dorsal horn lamina 4-6,Spinal cord,109,Neurons,CNS neurons,Spinal cord neurons,Spinal cord excitatory neurons,correspond to Glut13 in C1 data.,Spinal cord excitatory neurons,15,Ex,Ex,NA,NA,NA,NA,NA,NA,NA,NA,NA,NA,NA,1,NA
SCGLU3,Neurons,"Excitatory neurons, spinal cord",62,Glutamate (VGLUT2),Dorsal horn lamina 1-3,Spinal cord,110,Neurons,CNS neurons,Spinal cord neurons,Spinal cord excitatory neurons,correspond to Glut12 in C1 data. Break to have only Cadps2>0 cells.,Spinal cord excitatory neurons,15,Ex,Ex,NA,NA,NA,NA,NA,NA,NA,NA,NA,NA,NA,1,NA
SCGLU4,Neurons,"Excitatory neurons, spinal cord",180,"Glutamate (VGLUT2), Nitric oxide",Dorsal horn lamina 2-3,Spinal cord,111,Neurons,CNS neurons,Spinal cord neurons,Spinal cord excitatory neurons,"correspond to Glut10,11 in C1 data. Lamp5 high is Glut11.",Spinal cord excitatory neurons,15,Ex,Ex,NA,NA,NA,NA,NA,NA,NA,1,NA,NA,NA,1,NA
SCGLU6,Neurons,"Excitatory neurons, spinal cord",140,Glutamate (VGLUT2),Dorsal horn lamina 1-2,Spinal cord,113,Neurons,CNS neurons,Spinal cord neurons,Spinal cord excitatory neurons,"correstpond to Glut8,9 in C1 data. Npff is Glut9 and Nmur2 is Glut8.",Spinal cord excitatory neurons,15,Ex,Ex,NA,NA,NA,NA,NA,NA,NA,NA,NA,NA,NA,1,NA
SCGLU5,Neurons,"Excitatory neurons, spinal cord",252,Glutamate (VGLUT2),"Dorsal horn, lamina 2-3",Spinal cord,112,Neurons,CNS neurons,Spinal cord neurons,Spinal cord excitatory neurons,"correspond to Glut5,6,7 in C1 data. Mylk is Glut6 and Nmu (high) is Glut6-7.",Spinal cord excitatory neurons,15,Ex,Ex,NA,NA,NA,NA,NA,NA,NA,NA,NA,NA,NA,1,NA
SCINH5,Neurons,"Inhibitory neurons, spinal cord",44,"GABA, Glycine (GLYT2)","Dorsal horn, lamina 2-6",Spinal cord,103,Neurons,CNS neurons,Spinal cord neurons,Spinal cord inhibitory neurons,correspond to Gaba13 in C1 data.,Spinal cord inhibitory neurons,16,In,In,NA,NA,NA,1,NA,1,NA,NA,NA,NA,NA,NA,NA
SCINH6,Neurons,"Inhibitory neurons, spinal cord",87,GABA,"Dorsal horn, lamina 2-4",Spinal cord,102,Neurons,CNS neurons,Spinal cord neurons,Spinal cord inhibitory neurons,correspond to Gaba9 in C1 data.,Spinal cord inhibitory neurons,16,In,In,NA,NA,NA,1,NA,NA,NA,NA,NA,NA,NA,NA,NA
SCINH7,Neurons,"Inhibitory neurons, spinal cord",71,GABA,"Dorsal horn, lamina 2-6",Spinal cord,101,Neurons,CNS neurons,Spinal cord neurons,Spinal cord inhibitory neurons,correspond to Gaba8 in C1 data.,Spinal cord inhibitory neurons,16,In,In,NA,NA,NA,1,NA,NA,NA,NA,NA,NA,NA,NA,NA
HBINH9,Neurons,"Inhibitory neurons, hindbrain",98,"GABA, Glycine (GLYT1,GLYT2)",Paragigantocellular reticular nucleus,Medulla,106,Neurons,CNS neurons,Spinal cord neurons,Spinal cord inhibitory neurons,should be very posterior in medulla because of Hox genes,Spinal cord inhibitory neurons,16,In,In,NA,NA,NA,1,1,1,NA,NA,NA,NA,NA,NA,NA
SCINH2,Neurons,"Inhibitory neurons, spinal cord",117,"GABA, Glycine (GLYT2)","Dorsal horn, lamina 2-6",Spinal cord,107,Neurons,CNS neurons,Spinal cord neurons,Spinal cord inhibitory neurons,correspond to Gaba13 (most similar but not sure since Cplx1 negative) in C1 data.,Spinal cord inhibitory neurons,16,In,In,NA,NA,NA,1,NA,1,NA,NA,NA,NA,NA,NA,NA
SCINH4,Neurons,"Inhibitory neurons, spinal cord",37,GABA,"Dorsal horn, lamina 3-6",Spinal cord,104,Neurons,CNS neurons,Spinal cord neurons,Spinal cord inhibitory neurons,correspond to Gaba10 in C1 data. Might be proken to Eya2 and Adamts5.,Spinal cord inhibitory neurons,16,In,In,NA,NA,NA,1,NA,NA,NA,NA,NA,NA,NA,NA,NA
SCINH3,Neurons,"Inhibitory neurons, spinal cord",66,"GABA, Glycine (GLYT2)","Dorsal horn, lamina 2-6",Spinal cord,105,Neurons,CNS neurons,Spinal cord neurons,Spinal cord inhibitory neurons,correspond to Gaba5-7in C1 data. Might be proken to Trh and Gpr101.,Spinal cord inhibitory neurons,16,In,In,NA,NA,NA,1,NA,1,NA,NA,NA,NA,NA,NA,NA
SCINH10,Neurons,"Inhibitory neurons, spinal cord",65,"GABA, Glycine (GLYT2), Nitric oxide","Dorsal horn, lamina 2-6",Spinal cord,98,Neurons,CNS neurons,Spinal cord neurons,Spinal cord inhibitory neurons,correspond to Gaba2 in C1 data.,Spinal cord inhibitory neurons,16,In,In,NA,NA,NA,1,NA,1,NA,1,NA,NA,NA,NA,NA
SCINH9,Neurons,"Inhibitory neurons, spinal cord",84,GABA,"Dorsal horn, lamina 2-6",Spinal cord,99,Neurons,CNS neurons,Spinal cord neurons,Spinal cord inhibitory neurons,correspond to Gaba2-3 in C1 data. Probably a mix of Gaba2 and 3.,Spinal cord inhibitory neurons,16,In,In,NA,NA,NA,1,NA,NA,NA,NA,NA,NA,NA,NA,NA
SCINH8,Neurons,"Inhibitory neurons, spinal cord",87,GABA,"Dorsal horn, lamina 2-6",Spinal cord,100,Neurons,CNS neurons,Spinal cord neurons,Spinal cord inhibitory neurons,correspond to Gaba3 in C1 data.,Spinal cord inhibitory neurons,16,In,In,NA,NA,NA,1,NA,NA,NA,NA,NA,NA,NA,NA,NA
TEINH3,Neurons,"Inhibitory neurons, telencephalon",145,GABA,Bed nuclei of the stria terminalis posterior division,Pallidum,83,Neurons,CNS neurons,"Cholinergic, monoaminergic and peptidergic neurons",Peptidergic neurons,nan,Peptidergic neurons,17,In,In,NA,NA,NA,1,NA,NA,NA,NA,NA,NA,NA,NA,NA
OBDOP1,Neurons,"Dopaminergic periglomerular interneuron, olfactory bulb",371,"GABA,Dopamine","Olfactory bulb, periglomerular layer",Olfactory bulb,45,Neurons,CNS neurons,Telencephalon interneurons,Olfactory inhibitory neurons,http://www.sciencedirect.com/science/article/pii/0306452295005676,Olfactory inhibitory neurons,20,In,NA,NA,NA,1,1,NA,NA,NA,NA,NA,NA,NA,NA,NA
HYPEP8,Neurons,"Peptidergic neurons, hypothalamus",15,Glutamate (VGLUT2),Anteroventral periventricular continue along midline to Medial septal nucleus,Hypothalamus,96,Neurons,CNS neurons,"Cholinergic, monoaminergic and peptidergic neurons",Peptidergic neurons,nan,Peptidergic neurons,17,Ex,NA,NA,NA,NA,NA,NA,NA,NA,NA,NA,NA,NA,1,NA
ABC,Vascular,Vascular leptomeningeal cells,137,NA,Pia/meninges surface,CNS,251,Vascular cells,Vascular cells,Vascular cells,Vascular and leptomeningeal cells,"Have Dcn,Gjb2,Ptgds. Lack Vtn,Cldn5,Lum,Col1a1 (neural crest origin is uncertain)",Vascular,2,NA,NA,NA,NA,NA,NA,NA,NA,NA,NA,NA,NA,NA,NA,NA
VLMC2,Vascular,Vascular leptomeningeal cells,662,NA,Olfactory bulb-enriched,CNS,252,Vascular cells,Vascular cells,Vascular cells,Vascular and leptomeningeal cells,"Enriched in Crapbp2,Slc13a3,Ptgds,Slc13a4,Aldh1a2 (neural crest origin is uncertain)",Vascular,2,NA,NA,NA,NA,NA,NA,NA,NA,NA,NA,NA,NA,NA,NA,NA
VLMC1,Vascular,Vascular leptomeningeal cells,702,NA,CNS,CNS,253,Vascular cells,Vascular cells,Vascular cells,Vascular and leptomeningeal cells,"Enriched in Lama1,Msc,Clo13a1,Col15a1 (neural crest origin is uncertain)",Vascular,2,NA,NA,NA,NA,NA,NA,NA,NA,NA,NA,NA,NA,NA,NA,NA
VSMCA,Vascular,"Vascular smooth muscle cells, arterial",1221,NA,CNS,CNS,256,Vascular cells,Vascular cells,Vascular cells,Vascular smooth muscle cells,nan,Vascular,2,NA,NA,NA,NA,NA,NA,NA,NA,NA,NA,NA,NA,NA,NA,NA
PER3,Vascular,Pericytes,298,NA,CNS,CNS,255,Vascular cells,Vascular cells,Vascular cells,Vascular smooth muscle cells,merge with 5,Vascular,2,NA,NA,NA,NA,NA,NA,NA,NA,NA,NA,NA,NA,NA,NA,NA
VECA,Vascular,"Vascular endothelial cells, arterial",109,NA,CNS,CNS,254,Vascular cells,Vascular cells,Vascular cells,Vascular smooth muscle cells,"Have low Lum,Dcn,Igf2,Pdgfra. Might be mixed with VSM+VLMC.",Vascular,2,NA,NA,NA,NA,NA,NA,NA,NA,NA,NA,NA,NA,NA,NA,NA
PER2,Vascular,"Pericytes, possibly mixed with VENC",488,NA,CNS,CNS,258,Vascular cells,Vascular cells,Vascular cells,Pericytes,nan,Vascular,2,NA,NA,NA,NA,NA,NA,NA,NA,NA,NA,NA,NA,NA,NA,NA
PER1,Vascular,Pericytes,4725,NA,CNS,CNS,257,Vascular cells,Vascular cells,Vascular cells,Pericytes,merge with 5,Vascular,2,NA,NA,NA,NA,NA,NA,NA,NA,NA,NA,NA,NA,NA,NA,NA
VECV,Vascular,"Vascular endothelial cells, venous",2780,NA,CNS,CNS,260,Vascular cells,Vascular cells,Vascular cells,Vascular endothelial cells,nan,Vascular,2,NA,NA,NA,NA,NA,NA,NA,NA,NA,NA,NA,NA,NA,NA,NA
VECC,Vascular,"Vascular endothelial cells, capillary",1025,NA,CNS,CNS,259,Vascular cells,Vascular cells,Vascular cells,Vascular endothelial cells,Serpine1 is Plasminogen activator inhibitor-1,Vascular,2,NA,NA,NA,NA,NA,NA,NA,NA,NA,NA,NA,NA,NA,NA,NA
MGL1,Immune,Microglia,2270,NA,CNS,CNS,265,Immune cells,Immune cells,Immune cells,Microglia,nan,Immune/Microglia,1,NA,NA,NA,NA,NA,NA,NA,NA,NA,NA,NA,NA,NA,NA,NA
MGL2,Immune,"Microglia, activated",1820,NA,CNS,CNS,264,Immune cells,Immune cells,Immune cells,Microglia,nan,Immune/Microglia,1,NA,NA,NA,NA,NA,NA,NA,NA,NA,NA,NA,NA,NA,NA,NA
MGL3,Immune,"Microglia, activated",1335,NA,CNS,CNS,263,Immune cells,Immune cells,Immune cells,Microglia,nan,Immune/Microglia,1,NA,NA,NA,NA,NA,NA,NA,NA,NA,NA,NA,NA,NA,NA,NA
PVM2,Immune,"Perivascular macrophages, activated",639,NA,CNS,CNS,262,Immune cells,Immune cells,Immune cells,Perivascular macrophages,nan,Immune/Microglia,1,NA,NA,NA,NA,NA,NA,NA,NA,NA,NA,NA,NA,NA,NA,NA
PVM1,Immune,Perivascular macrophages,1390,NA,CNS,CNS,261,Immune cells,Immune cells,Immune cells,Perivascular macrophages,nan,Immune/Microglia,1,NA,NA,NA,NA,NA,NA,NA,NA,NA,NA,NA,NA,NA,NA,NA
SCHW,PeripheralGlia,Schwann cells,47,NA,Dorsal root ganglion,Dorsal root ganglion,240,Glia,Neural crest-like glia,Neural crest-like glia,Schwann cells,"Probably making myelin, Pllp,Utg8a",Other glia,4,NA,NA,NA,NA,NA,NA,NA,NA,NA,NA,NA,NA,NA,NA,NA
SATG2,PeripheralGlia,Satellite glia,654,NA,"Dorsal root ganglion,Sympathetic ganglion","Dorsal root ganglion,Sympathetic ganglion",241,Glia,Neural crest-like glia,Neural crest-like glia,Satellite glia,nan,Other glia,4,NA,NA,NA,NA,NA,NA,NA,NA,NA,NA,NA,NA,NA,NA,NA
SATG1,PeripheralGlia,"Satellite glia, proliferating",30,NA,Dorsal root ganglion,Dorsal root ganglion,242,Glia,Neural crest-like glia,Neural crest-like glia,Satellite glia,nan,Other glia,4,NA,NA,NA,NA,NA,NA,NA,NA,NA,NA,NA,NA,NA,NA,NA
ACBG,Astrocytes,Bergmann glia,921,NA,Cerebellum,Cerebellum,237,Glia,CNS glia,Astroependymal cells,Astrocytes,nan,Astrocytes,5,NA,NA,NA,NA,NA,NA,NA,NA,NA,NA,NA,NA,NA,NA,NA
ACOB,Astrocytes,Olfactory astrocytes,1438,NA,Olfactory bulb periglomerular layer,Olfactory bulb,233,Glia,CNS glia,Astroependymal cells,Astrocytes,nan,Astrocytes,5,NA,NA,NA,NA,NA,NA,NA,NA,NA,NA,NA,NA,NA,NA,NA
ACTE1,Astrocytes,"Telencephalon astrocytes, fibrous",2974,NA,Telencephalon,Telencephalon,231,Glia,CNS glia,Astroependymal cells,Astrocytes,nan,Astrocytes,5,NA,NA,NA,NA,NA,NA,NA,NA,NA,NA,NA,NA,NA,NA,NA
ACTE2,Astrocytes,"Telencephalon astrocytes, protoplasmic",3973,NA,Telencephalon,Telencephalon,232,Glia,CNS glia,Astroependymal cells,Astrocytes,nan,Astrocytes,5,NA,NA,NA,NA,NA,NA,NA,NA,NA,NA,NA,NA,NA,NA,NA
ACNT1,Astrocytes,"Non-telencephalon astrocytes, protoplasmic",6642,NA,Non-telencephalon,"Hypothalamus,Thalamus,Midbrain dorsal,Midbrain ventral,Pons,Medulla,Spinal cord",234,Glia,CNS glia,Astroependymal cells,Astrocytes,nan,Astrocytes,5,NA,NA,NA,NA,NA,NA,NA,NA,NA,NA,NA,NA,NA,NA,NA
ACNT2,Astrocytes,"Non-telencephalon astrocytes, fibrous",2568,NA,Non-telencephalon,"Hypothalamus,Thalamus,Midbrain dorsal,Midbrain ventral,Pons,Medulla,Spinal cord",235,Glia,CNS glia,Astroependymal cells,Astrocytes,nan,Astrocytes,5,NA,NA,NA,NA,NA,NA,NA,NA,NA,NA,NA,NA,NA,NA,NA
ACMB,Astrocytes,Dorsal midbrain Myoc-expressing astrocyte-like,861,NA,Dorsal midbrain,Midbrain dorsal,236,Glia,CNS glia,Astroependymal cells,Astrocytes,nan,Astrocytes,5,NA,NA,NA,NA,NA,NA,NA,NA,NA,NA,NA,NA,NA,NA,NA
EPEN,Ependymal,Ependymal cells,774,NA,Brain,Brain,227,Glia,CNS glia,Astroependymal cells,Ependymal cells,nan,Other CNS glia,6,NA,NA,NA,NA,NA,NA,NA,NA,NA,NA,NA,NA,NA,NA,NA
EPSC,Ependymal,"Ependymal cells, spinal cord",414,NA,Spinal cord,Spinal cord,226,Glia,CNS glia,Astroependymal cells,Ependymal cells,"low Aqp4, many immidate early genes",Other CNS glia,6,NA,NA,NA,NA,NA,NA,NA,NA,NA,NA,NA,NA,NA,NA,NA
CHOR,Ependymal,Chorid plexus epithelial cells,458,NA,"Medulla,Thalamus","Medulla,Thalamus",224,Glia,CNS glia,Astroependymal cells,Choroid epithelial cells,nan,Other CNS glia,6,NA,NA,NA,NA,NA,NA,NA,NA,NA,NA,NA,NA,NA,NA,NA
SYNOR3,Neurons,"Noradrenergic neurons, sympathetic",409,Noradrenaline,Sympathetic ganglion,Sympathetic ganglion,193,Neurons,PNS neurons,Sympathetic neurons,Sympathetic noradrenergic neurons,correspont to NA3 in Furlan et al 2016.,Sympathetic neurons,9,Monoamines,NA,NA,NA,NA,NA,NA,NA,NA,NA,1,NA,NA,NA,NA
SYNOR2,Neurons,"Noradrenergic neurons, sympathetic",62,Noradrenaline,Sympathetic ganglion,Sympathetic ganglion,192,Neurons,PNS neurons,Sympathetic neurons,Sympathetic noradrenergic neurons,correspont to NA1 in Furlan et al 2016.,Sympathetic neurons,9,Monoamines,NA,NA,NA,NA,NA,NA,NA,NA,NA,1,NA,NA,NA,NA
SYNOR1,Neurons,Noradrenergic erector muscle neurons,97,Noradrenaline,Sympathetic ganglion,Sympathetic ganglion,191,Neurons,PNS neurons,Sympathetic neurons,Sympathetic noradrenergic neurons,correspont to NA2 in Furlan et al 2016.,Sympathetic neurons,9,Monoamines,NA,NA,NA,NA,NA,NA,NA,NA,NA,1,NA,NA,NA,NA
SYNOR4,Neurons,Noradrenergic erector muscle neurons,182,Noradrenaline,Sympathetic ganglion,Sympathetic ganglion,194,Neurons,PNS neurons,Sympathetic neurons,Sympathetic noradrenergic neurons,"correspont to NA4,5 in Furlan et al 2016.",Sympathetic neurons,9,Monoamines,NA,NA,NA,NA,NA,NA,NA,NA,NA,1,NA,NA,NA,NA
SYNOR5,Neurons,Noradrenergic erector muscle neurons,46,Noradrenaline,Sympathetic ganglion,Sympathetic ganglion,195,Neurons,PNS neurons,Sympathetic neurons,Sympathetic noradrenergic neurons,"correspont to NA4,5 in Furlan et al 2016.",Sympathetic neurons,9,Monoamines,NA,NA,NA,NA,NA,NA,NA,NA,NA,1,NA,NA,NA,NA
SYCHO2,Neurons,"Cholinergic neurons, sympathetic",75,"Acetylcholine, Noradrenaline",Sympathetic ganglion,Sympathetic ganglion,196,Neurons,PNS neurons,Sympathetic neurons,Sympathetic cholinergic neurons,correspont to Ach2 in Furlan et al 2016.,Sympathetic neurons,9,Monoamines,NA,1,NA,NA,NA,NA,NA,NA,NA,1,NA,NA,NA,NA
SYCHO1,Neurons,"Cholinergic neurons, sympathetic",15,"Acetylcholine, Noradrenaline",Sympathetic ganglion,Sympathetic ganglion,197,Neurons,PNS neurons,Sympathetic neurons,Sympathetic cholinergic neurons,correspont to Ach1 in Furlan et al 2016.,Sympathetic neurons,9,Monoamines,NA,1,NA,NA,NA,NA,NA,NA,NA,1,NA,NA,NA,NA
PSPEP1,Neurons,"Peptidergicv (PEP2), DRG",78,"Glutamate (VGLUT2), Nitric oxide",Dorsal root ganglion,Dorsal root ganglion,205,Neurons,PNS neurons,Peripheral sensory neurons,Peripheral sensory peptidergic neurons,nan,Peripheral sensory neurons,8,Ex,NA,NA,NA,NA,NA,NA,NA,NA,1,NA,NA,NA,1,NA
PSPEP3,Neurons,"Peptidergic (PEP1..4), DRG",92,Glutamate (VGLUT2),Dorsal root ganglion,Dorsal root ganglion,204,Neurons,PNS neurons,Peripheral sensory neurons,Peripheral sensory peptidergic neurons,Express Slc5a7 (choline transporter),Peripheral sensory neurons,8,Ex,NA,NA,NA,NA,NA,NA,NA,NA,NA,NA,NA,NA,1,NA
PSPEP2,Neurons,"Peptidergic (PEP1.3), DRG",102,"Glutamate (VGLUT2),Acetylcholine, Nitric oxide",Dorsal root ganglion,Dorsal root ganglion,202,Neurons,PNS neurons,Peripheral sensory neurons,Peripheral sensory peptidergic neurons,Express Slc5a7 (choline transporter),Peripheral sensory neurons,8,Ex,NA,1,NA,NA,NA,NA,NA,NA,1,NA,NA,NA,1,NA
PSPEP4,Neurons,"Peptidergic (PEP1.1), DRG",117,Glutamate (VGLUT2),Dorsal root ganglion,Dorsal root ganglion,203,Neurons,PNS neurons,Peripheral sensory neurons,Peripheral sensory peptidergic neurons,nan,Peripheral sensory neurons,8,Ex,NA,NA,NA,NA,NA,NA,NA,NA,NA,NA,NA,NA,1,NA
PSPEP5,Neurons,"Peptidergic (PEP1.2), DRG",30,Glutamate (VGLUT2),Dorsal root ganglion,Dorsal root ganglion,201,Neurons,PNS neurons,Peripheral sensory neurons,Peripheral sensory peptidergic neurons,Express Slc5a7 (choline transporter),Peripheral sensory neurons,8,Ex,NA,NA,NA,NA,NA,NA,NA,NA,NA,NA,NA,NA,1,NA
PSPEP6,Neurons,"Peptidergic (TrpM8), DRG",54,Glutamate (VGLUT2),Dorsal root ganglion,Dorsal root ganglion,200,Neurons,PNS neurons,Peripheral sensory neurons,Peripheral sensory peptidergic neurons,nan,Peripheral sensory neurons,8,Ex,NA,NA,NA,NA,NA,NA,NA,NA,NA,NA,NA,NA,1,NA
PSPEP7,Neurons,"Peptidergic (TrpM8), DRG",64,Glutamate (VGLUT2),Dorsal root ganglion,Dorsal root ganglion,199,Neurons,PNS neurons,Peripheral sensory neurons,Peripheral sensory peptidergic neurons,nan,Peripheral sensory neurons,8,Ex,NA,NA,NA,NA,NA,NA,NA,NA,NA,NA,NA,NA,1,NA
PSPEP8,Neurons,"Peptidergic (TrpM8), DRG",28,Glutamate (VGLUT2),Dorsal root ganglion,Dorsal root ganglion,198,Neurons,PNS neurons,Peripheral sensory neurons,Peripheral sensory peptidergic neurons,nan,Peripheral sensory neurons,8,Ex,NA,NA,NA,NA,NA,NA,NA,NA,NA,NA,NA,NA,1,NA
PSNF2,Neurons,"Neurofilament (NF4/5), DRG",57,"Glutamate (VGLUT1,VGLUT2)",Dorsal root ganglion,Dorsal root ganglion,207,Neurons,PNS neurons,Peripheral sensory neurons,Peripheral sensory neurofilament neurons,nan,Peripheral sensory neurons,8,Ex,NA,NA,NA,NA,NA,NA,NA,NA,NA,NA,NA,1,1,NA
PSNF3,Neurons,"Neurofilament (NF2/3), DRG",31,"Glutamate (VGLUT1,VGLUT2)",Dorsal root ganglion,Dorsal root ganglion,206,Neurons,PNS neurons,Peripheral sensory neurons,Peripheral sensory neurofilament neurons,nan,Peripheral sensory neurons,8,Ex,NA,NA,NA,NA,NA,NA,NA,NA,NA,NA,NA,1,1,NA
PSNF1,Neurons,"Neurofilament (NF1), DRG",38,"Glutamate (VGLUT1,VGLUT2)",Dorsal root ganglion,Dorsal root ganglion,208,Neurons,PNS neurons,Peripheral sensory neurons,Peripheral sensory neurofilament neurons,nan,Peripheral sensory neurons,8,Ex,NA,NA,NA,NA,NA,NA,NA,NA,NA,NA,NA,1,1,NA
PSNP1,Neurons,"Non-peptidergic (TH), DRG",282,"Glutamate (VGLUT2,VGLUT3)",Dorsal root ganglion,Dorsal root ganglion,209,Neurons,PNS neurons,Peripheral sensory neurons,Peripheral sensory non-peptidergic neurons,nan,Peripheral sensory neurons,8,Ex,NA,NA,NA,NA,NA,NA,NA,NA,NA,NA,NA,NA,1,1
PSNP3,Neurons,"Non-peptidergic (NP1.2), DRG",270,Glutamate (VGLUT2),Dorsal root ganglion,Dorsal root ganglion,211,Neurons,PNS neurons,Peripheral sensory neurons,Peripheral sensory non-peptidergic neurons,nan,Peripheral sensory neurons,8,Ex,NA,NA,NA,NA,NA,NA,NA,NA,NA,NA,NA,NA,1,NA
PSNP2,Neurons,"Non-peptidergic (NP1.1), DRG",72,Glutamate (VGLUT2),Dorsal root ganglion,Dorsal root ganglion,210,Neurons,PNS neurons,Peripheral sensory neurons,Peripheral sensory non-peptidergic neurons,nan,Peripheral sensory neurons,8,Ex,NA,NA,NA,NA,NA,NA,NA,NA,NA,NA,NA,NA,1,NA
PSNP5,Neurons,"Non-peptidergic (NP2.2), DRG",88,Glutamate (VGLUT2),Dorsal root ganglion,Dorsal root ganglion,213,Neurons,PNS neurons,Peripheral sensory neurons,Peripheral sensory non-peptidergic neurons,nan,Peripheral sensory neurons,8,Ex,NA,NA,NA,NA,NA,NA,NA,NA,NA,NA,NA,NA,1,NA
PSNP4,Neurons,"Non-peptidergic (NP2.1), DRG",45,Glutamate (VGLUT2),Dorsal root ganglion,Dorsal root ganglion,212,Neurons,PNS neurons,Peripheral sensory neurons,Peripheral sensory non-peptidergic neurons,nan,Peripheral sensory neurons,8,Ex,NA,NA,NA,NA,NA,NA,NA,NA,NA,NA,NA,NA,1,NA
PSNP6,Neurons,"Non-peptidergic (NP3), DRG",132,Glutamate (VGLUT2),Dorsal root ganglion,Dorsal root ganglion,214,Neurons,PNS neurons,Peripheral sensory neurons,Peripheral sensory non-peptidergic neurons,nan,Peripheral sensory neurons,8,Ex,NA,NA,NA,NA,NA,NA,NA,NA,NA,NA,NA,NA,1,NA
