specificity_id,annotation_prefix,annotation,annotation_fmt,annotation_marker,taxonomy_lvl2,Notes
campbell2017_lvl2,ARCME,n01.Hdc,ARCME-NEURO1,Hdc,Neuron,
campbell2017_lvl2,ARCME,n02.Gm8773-Tac1,ARCME-NEURO2,Gm8773/Tac1,Neuron,
campbell2017_lvl2,ARCME,n03,ARCME-NEURO3,Th/Sst,Neuron,
campbell2017_lvl2,ARCME,n04.Sst-Nts,ARCME-NEURO4,Sst/Nts,Neuron,
campbell2017_lvl2,ARCME,n05.Nfix-Htr2c,ARCME-NEURO5,Nfix/Htr2c,Neuron,
campbell2017_lvl2,ARCME,n06.Oxt,ARCME-NEURO6,Oxt,Neuron,
campbell2017_lvl2,ARCME,n07,ARCME-NEURO7,Arx/Nr5a2,Neuron,
campbell2017_lvl2,ARCME,n08,ARCME-NEURO8,Th/Slc6a3,Neuron,
campbell2017_lvl2,ARCME,n09.Th-Slc6a3,ARCME-NEURO9,Th/Slc6a3,Neuron,
campbell2017_lvl2,ARCME,n10.Ghrh,ARCME-NEURO10,Ghrh,Neuron,
campbell2017_lvl2,ARCME,n11.Th-Cxcl12,ARCME-NEURO11,Th/Cxcl12,Neuron,
campbell2017_lvl2,ARCME,n12.Agrp-Sst,ARCME-NEURO12,Agrp/Sst,Neuron,
campbell2017_lvl2,ARCME,n13.Agrp-Gm8773,ARCME-NEURO13,Agrp/Gm8773,Neuron,
campbell2017_lvl2,ARCME,n14.Pomc-Ttr,ARCME-NEURO14,Pomc/Ttr,Neuron,
campbell2017_lvl2,ARCME,n15.Pomc-Anxa2,ARCME-NEURO15,Pomc/Anxa2,Neuron,
campbell2017_lvl2,ARCME,n16.Rgs16-Vip,ARCME-NEURO16,Rgs16/Vip,Neuron,
campbell2017_lvl2,ARCME,n17.Rgs16-Dlx1,ARCME-NEURO17,Rgs16/Dlx1,Neuron,
campbell2017_lvl2,ARCME,n18.Rgs16-Slc17a6,ARCME-NEURO18,Rgs16/Slc17a6,Neuron,
campbell2017_lvl2,ARCME,n19.Gpr50,ARCME-NEURO19,Gpr50,Neuron,
campbell2017_lvl2,ARCME,n20.Kiss1-Tac2,ARCME-NEURO20,Kiss1/Tac2,Neuron,
campbell2017_lvl2,ARCME,n21.Pomc-Glipr1,ARCME-NEURO21,Pomc/Glipr1,Neuron,
campbell2017_lvl2,ARCME,n22.Tmem215,ARCME-NEURO22,Tmem215,Neuron,
campbell2017_lvl2,ARCME,n23.Sst-Unc13c,ARCME-NEURO23,Sst/Unc13c,Neuron,
campbell2017_lvl2,ARCME,n24.Sst-Pthlh,ARCME-NEURO24,Sst/Pthlh,Neuron,
campbell2017_lvl2,ARCME,n25.Th-Lef1,ARCME-NEURO25,Th/Lef1,Neuron,
campbell2017_lvl2,ARCME,n26.Htr3b,ARCME-NEURO26,Htr3b,Neuron,
campbell2017_lvl2,ARCME,n27,ARCME-NEURO27,Tbx19,Neuron,
campbell2017_lvl2,ARCME,n28.Qrfp,ARCME-NEURO28,Qrfp,Neuron,
campbell2017_lvl2,ARCME,n29.Nr5a1-Adcyap1,ARCME-NEURO29,Nr5a1/Adcyap1,Neuron,
campbell2017_lvl2,ARCME,n30.Nr5a1-Nfib,ARCME-NEURO30,Nr5a1/Nfib,Neuron,
campbell2017_lvl2,ARCME,n31.Fam19a2,ARCME-NEURO31,Fam19a2,Neuron,
campbell2017_lvl2,ARCME,n32.Slc17a6-Trhr,ARCME-NEURO32,Slc17a6/Trhr,Neuron,
campbell2017_lvl2,ARCME,n33.unassigned(1),ARCME-OTHER1,unassigned-1,Other,Cell-type marked as unassigned by authors
campbell2017_lvl2,ARCME,n34.unassigned(2),ARCME-OTHER2,unassigned-2,Other,Cell-type marked as unassigned by authors
campbell2017_lvl2,ARCME,s01.Ependymocy1,ARCME-EPENDY1,,Ependymal,
campbell2017_lvl2,ARCME,s02.Ependymocy2,ARCME-EPENDY2,,Ependymal,
campbell2017_lvl2,ARCME,s03.Oligodendro1,ARCME-OLIGO1,,Oligodendrocyte,
campbell2017_lvl2,ARCME,s04.Oligodendro2,ARCME-OLIGO2,,Oligodendrocyte,
campbell2017_lvl2,ARCME,s05.Oligodendro3,ARCME-OLIGO3,,Oligodendrocyte,
campbell2017_lvl2,ARCME,s06.Oligodendro4,ARCME-OLIGO4,,Oligodendrocyte,
campbell2017_lvl2,ARCME,s07.Oligodendro5,ARCME-OLIGO5,,Oligodendrocyte,
campbell2017_lvl2,ARCME,s08.Pars_Tuber1A,ARCME-PATU1,,Pars tuberalis,
campbell2017_lvl2,ARCME,s09.Pars_Tuber1B,ARCME-PATU2,,Pars tuberalis,
campbell2017_lvl2,ARCME,s10.Pars_Tuber1C,ARCME-PATU3,,Pars tuberalis,
campbell2017_lvl2,ARCME,s11.Endothelial,ARCME-EPI1,,Epithelial,
campbell2017_lvl2,ARCME,s12.Mural_Cells1,ARCME-MURAL1,,Mural,
campbell2017_lvl2,ARCME,s13.Mural_Cells2,ARCME-MURAL2,,Mural,
campbell2017_lvl2,ARCME,s14.PVMs,ARCME-PVM1,,Macrophage,Perivascular macrophages
campbell2017_lvl2,ARCME,s15.Microglia,ARCME-MICRO1,,Microglia,
campbell2017_lvl2,ARCME,s16.Fibroblasts1,ARCME-FIBRO1,,Fibroblast,
campbell2017_lvl2,ARCME,s17.Fibroblasts2,ARCME-FIBRO2,,Fibroblast,
campbell2017_lvl2,ARCME,s18.Fibroblasts3,ARCME-FIBRO3,,Fibroblast,
campbell2017_lvl2,ARCME,s19.Parstuber2A,ARCME-PATU4,,Pars tuberalis,
campbell2017_lvl2,ARCME,s20.Parstuber2B,ARCME-PATU5,,Pars tuberalis,
campbell2017_lvl2,ARCME,s27.Oligodendro6,ARCME-OLIGO6,,Oligodendrocyte,
campbell2017_lvl2,ARCME,s28.NG2_OPC1,ARCME-NG21,,Oligodendrocyte,
campbell2017_lvl2,ARCME,s29.NG2_OPC2,ARCME-NG22,,Oligodendrocyte,
campbell2017_lvl2,ARCME,s30.b2_tanycytes1,ARCME-TANY1,,Tanycyte,
campbell2017_lvl2,ARCME,s31.b2_tanycytes2,ARCME-TANY2,,Tanycyte,
campbell2017_lvl2,ARCME,s32.Astrocytes,ARCME-ASTRO1,,Astrocyte,
campbell2017_lvl2,ARCME,s33.a1_tanycytes2,ARCME-TANY3,Alpha1,Tanycyte,
campbell2017_lvl2,ARCME,s34.a1_tanycytes1,ARCME-TANY4,Alpha1,Tanycyte,
campbell2017_lvl2,ARCME,s35.b1_tanycytes,ARCME-TANY5,Beta1,Tanycyte,
campbell2017_lvl2,ARCME,s36.a2_tanycytes,ARCME-TANY6,Beta2,Tanycyte,
chen2017,HYPC,Astro,HYPC-ASTRO1,Gja1/Ppap2b,Astrocyte,
chen2017,HYPC,Ependy,HYPC-EPENDY1,Rarres2/Dbi,Ependymal,
chen2017,HYPC,Epith1,HYPC-EPITH1,Itm2a/Slco1a4,Epithelial,
chen2017,HYPC,Epith2,HYPC-EPITH2,Timp3/Slc9a3r2,Epithelial,
chen2017,HYPC,GABA1,HYPC-NEURO1,Pvalb/Cplx3,Neuron,
chen2017,HYPC,GABA10,HYPC-NEURO2,Prok2/Gal,Neuron,
chen2017,HYPC,GABA11,HYPC-NEURO3,Ghrh/Gal,Neuron,
chen2017,HYPC,GABA12,HYPC-NEURO4,Crabp1/Tbx3,Neuron,
chen2017,HYPC,GABA13,HYPC-NEURO5,Gal/Hmx3,Neuron,
chen2017,HYPC,GABA14,HYPC-NEURO6,Sst/Sstr1,Neuron,
chen2017,HYPC,GABA15,HYPC-NEURO7,Npy/Agrp,Neuron,
chen2017,HYPC,GABA16,HYPC-NEURO8,Asb4/Cox6a2,Neuron,
chen2017,HYPC,GABA17,HYPC-NEURO9,Prlr/Slc18a2,Neuron,
chen2017,HYPC,GABA18,HYPC-NEURO10,1500016L03Rik/Coch,Neuron,
chen2017,HYPC,GABA2,HYPC-NEURO11,St18/Npas1,Neuron,
chen2017,HYPC,GABA3,HYPC-NEURO12,Meis2/Arpp21,Neuron,
chen2017,HYPC,GABA4,HYPC-NEURO13,Arx/Gm13498,Neuron,
chen2017,HYPC,GABA5,HYPC-NEURO14,Lhx6/Lhx8,Neuron,
chen2017,HYPC,GABA6,HYPC-NEURO15,Pax6/Myh7,Neuron,
chen2017,HYPC,GABA7,HYPC-NEURO16,Th/Unc13c,Neuron,
chen2017,HYPC,GABA8,HYPC-NEURO17,Dlk1/Vgf,Neuron,
chen2017,HYPC,GABA9,HYPC-NEURO18,1500016L03Rik/Lhx1,Neuron,
chen2017,HYPC,Glu1,HYPC-NEURO19,Rasd1/Rgs2,Neuron,
chen2017,HYPC,Glu10,HYPC-NEURO20,Trh/Bdnf,Neuron,
chen2017,HYPC,Glu11,HYPC-NEURO21,Tac2/Kiss1,Neuron,
chen2017,HYPC,Glu12,HYPC-NEURO22,Lhx9/Vgll2,Neuron,
chen2017,HYPC,Glu13,HYPC-NEURO23,Pomc/Cartpt,Neuron,
chen2017,HYPC,Glu14,HYPC-NEURO24,Avp/Pcsk1,Neuron,
chen2017,HYPC,Glu15,HYPC-NEURO25,Sst/Nhlh2,Neuron,
chen2017,HYPC,Glu2,HYPC-NEURO26,Sln/Calb2,Neuron,
chen2017,HYPC,Glu3,HYPC-NEURO27,Nrn1/Fezf2,Neuron,
chen2017,HYPC,Glu4,HYPC-NEURO28,Tcf7l2/Shox2,Neuron,
chen2017,HYPC,Glu5,HYPC-NEURO29,Foxb1/Cpne9,Neuron,
chen2017,HYPC,Glu6,HYPC-NEURO30,Tac1/Aldh3b2,Neuron,
chen2017,HYPC,Glu7,HYPC-NEURO31,Nrgn/Fezf1,Neuron,
chen2017,HYPC,Glu8,HYPC-NEURO32,Ptprr/Lhx9,Neuron,
chen2017,HYPC,Glu9,HYPC-NEURO33,Samd3/Gng8,Neuron,
chen2017,HYPC,Hista,HYPC-NEURO34,Prph/Wif1,Neuron,
chen2017,HYPC,IMO,HYPC-OLIGO1,Fyn/Bcas1,Oligodendrocyte,immature_oligodendrocyte
chen2017,HYPC,Macro,HYPC-MACRO1,Pf4/Lyz2,Macrophage,
chen2017,HYPC,Micro,HYPC-MICRO1,Hexb/Ctss,Microglia,
chen2017,HYPC,MO,HYPC-MO1,Mog/Plp1,Oligodendrocyte,myelinating_oligodendrocyte
chen2017,HYPC,OPC,HYPC-OPC1,Serpine2/Olig1,Oligodendrocyte,
chen2017,HYPC,POPC,HYPC-OPC2,Top2a/Cdca3,Oligodendrocyte,proliferating_oligodendrocyte_progenitor
chen2017,HYPC,Tany,HYPC-TANY1,Prdx6/Cst3,Tanycyte,
kimVMH2019_smartseq,VMH,Astro_Aqp4,VMH-ASTRO1,Aqp4,Astrocyte,
kimVMH2019_smartseq,VMH,Clic4,VMH-NEURO1,Clic4,Neuron,
kimVMH2019_smartseq,VMH,Dlk1_1_Il1rapl2,VMH-NEURO2,Dlk1/Il1rapl2,Neuron,
kimVMH2019_smartseq,VMH,Dlk1_2_Nts,VMH-NEURO3,Dlk1/Nts,Neuron,
kimVMH2019_smartseq,VMH,Dlk1_3_Maob,VMH-NEURO4,Dlk1/Maob,Neuron,
kimVMH2019_smartseq,VMH,Dlk1_4_Maob,VMH-NEURO5,Dlk1/Maob,Neuron,
kimVMH2019_smartseq,VMH,Dlk1_5_Egflam,VMH-NEURO6,Dlk1/Egflam,Neuron,
kimVMH2019_smartseq,VMH,Dlk1_6_F2rl2,VMH-NEURO7,Dlk1/F2rl2,Neuron,
kimVMH2019_smartseq,VMH,Endo_Gja5,VMH-EPI1,Gja5,Epithelial,
kimVMH2019_smartseq,VMH,Esr1_1_Insm2,VMH-NEURO8,Esr1/Insm2,Neuron,
kimVMH2019_smartseq,VMH,Esr1_2_Samd9l_Rorb,VMH-NEURO9,Esr1/Samd9l/Rorb,Neuron,
kimVMH2019_smartseq,VMH,Esr1_3_Samd9l_Nmur2,VMH-NEURO10,Esr1/Samd9l/Nmur2,Neuron,
kimVMH2019_smartseq,VMH,Esr1_4_Smoc2,VMH-NEURO11,Esr1/Smoc2,Neuron,
kimVMH2019_smartseq,VMH,Esr1_5_Ngf,VMH-NEURO12,Esr1/Ngf,Neuron,
kimVMH2019_smartseq,VMH,Esr1_6_Ctxn3,VMH-NEURO13,Esr1/Ctxn3,Neuron,
kimVMH2019_smartseq,VMH,Irx5,VMH-NEURO14,Irx5,Neuron,
kimVMH2019_smartseq,VMH,Lhx1_1,VMH-NEURO15,Lhx1,Neuron,
kimVMH2019_smartseq,VMH,Lhx1_2,VMH-NEURO16,Lhx1,Neuron,
kimVMH2019_smartseq,VMH,Lhx9,VMH-NEURO17,Lhx9,Neuron,
kimVMH2019_smartseq,VMH,Micro_Siglech,VMH-MICRO1,Siglech,Microglia,
kimVMH2019_smartseq,VMH,Nfib_1_Prdm13,VMH-NEURO18,Nfib/Prdm13,Neuron,
kimVMH2019_smartseq,VMH,Nfib_2_Car4,VMH-NEURO19,Nfib/Car4,Neuron,
kimVMH2019_smartseq,VMH,Nr5a1_1_Npffr2,VMH-NEURO20,Nr5a1/Npffr2,Neuron,
kimVMH2019_smartseq,VMH,Nr5a1_2_Ctxn3,VMH-NEURO21,Nr5a1/Ctxn3,Neuron,
kimVMH2019_smartseq,VMH,Nr5a1_3_Car8,VMH-NEURO22,Nr5a1/Car8,Neuron,
kimVMH2019_smartseq,VMH,Nr5a1_4_7_Glipr1,VMH-NEURO23,Nr5a1/Glipr1,Neuron,
kimVMH2019_smartseq,VMH,Nr5a1_8_Tcf7l2,VMH-NEURO24,Nr5a1/Tcf7l2,Neuron,
kimVMH2019_smartseq,VMH,Nr5a1_9_11_Rorb,VMH-NEURO25,Nr5a1/Rorb,Neuron,
kimVMH2019_smartseq,VMH,Nr5a1_Foxp2_1_Prdm13,VMH-NEURO26,Nr5a1/Foxp2/Prdm13,Neuron,
kimVMH2019_smartseq,VMH,Nr5a1_Foxp2_2_C1ql2,VMH-NEURO27,Nr5a1/Foxp2/C1ql2,Neuron,
kimVMH2019_smartseq,VMH,Nr5a1_Foxp2_3,VMH-NEURO28,Nr5a1/Foxp2,Neuron,
kimVMH2019_smartseq,VMH,Nr5a1_Smoc2_low,VMH-NEURO29,Nr5a1/Smoc2/low,Neuron,
kimVMH2019_smartseq,VMH,Nup62cl,VMH-NEURO30,Nup62cl,Neuron,
kimVMH2019_smartseq,VMH,Oligo_Opalin_1,VMH-OLIGO1,Opalin,Oligodendrocyte,
kimVMH2019_smartseq,VMH,Oligo_Opalin_2,VMH-OLIGO2,Opalin,Oligodendrocyte,
kimVMH2019_smartseq,VMH,PVM_Mrc1,VMH-PVM1,Mrc1,Macrophage,
kimVMH2019_smartseq,VMH,Satb2_Calcrl,VMH-NEURO31,Satb2/Calcrl,Neuron,
kimVMH2019_smartseq,VMH,Satb2_Six3,VMH-NEURO32,Satb2/Six3,Neuron,
kimVMH2019_smartseq,VMH,Scgn,VMH-OTHER1,,Other,Unknown cell-type annotation
kimVMH2019_smartseq,VMH,Slc18a3,VMH-NEURO33,Slc18a3,Neuron,
kimVMH2019_smartseq,VMH,Slc32a1_1_Nup62cl,VMH-NEURO34,Slc32a1/Nup62cl,Neuron,
kimVMH2019_smartseq,VMH,Slc32a1_2,VMH-NEURO35,Slc32a1,Neuron,
kimVMH2019_smartseq,VMH,SMC,VMH-OTHER2,,Other,Unknown cell-type annotation
kimVMH2019_smartseq,VMH,Tbx3_1_Tac2,VMH-NEURO36,Tbx3/Tac2,Neuron,
kimVMH2019_smartseq,VMH,Tbx3_2_Anxa2,VMH-NEURO37,Tbx3/Anxa2,Neuron,
kimVMH2019_smartseq,VMH,Tbx3_3_Slc14a1,VMH-NEURO38,Tbx3/Slc14a1,Neuron,
kimVMH2019_smartseq,VMH,Tsix_Esr1_1_Gabrg3,VMH-NEURO39,Tsix/Esr1/Gabrg3,Neuron,
kimVMH2019_smartseq,VMH,Tsix_Esr1_2_Twist2,VMH-NEURO40,Tsix/Esr1/Twist2,Neuron,
mikkelsen2019,LHA,GABA_1,LHA-NEURO1,Slc32a1/Gal/Dlk1,Neuron,
mikkelsen2019,LHA,GABA_10,LHA-NEURO10,Slc32a1/Sst/Meis2,Neuron,
mikkelsen2019,LHA,GABA_11,LHA-NEURO11,Slc32a1/Col25a/Otp,Neuron,
mikkelsen2019,LHA,GABA_12,LHA-NEURO12,Slc32a1/Th/Slc18a,Neuron,
mikkelsen2019,LHA,GABA_13,LHA-NEURO13,Slc32a1/Sst/Otp,Neuron,
mikkelsen2019,LHA,GABA_14,LHA-NEURO14,Slc32a1/Atp1a,Neuron,
mikkelsen2019,LHA,GABA_15,LHA-NEURO15,Slc32a1/Calb1/Cbln4,Neuron,
mikkelsen2019,LHA,GABA_2,LHA-NEURO2,Slc32a1/Npy/Npw,Neuron,
mikkelsen2019,LHA,GABA_3,LHA-NEURO3,Slc32a1/Nts/Cartpt,Neuron,
mikkelsen2019,LHA,GABA_4,LHA-NEURO4,Slc32a1/Unassigned,Neuron,
mikkelsen2019,LHA,GABA_5,LHA-NEURO5,Slc32a1/Meis2/Calb2,Neuron,
mikkelsen2019,LHA,GABA_6,LHA-NEURO6,Slc32a1/Sst/Col25a,Neuron,
mikkelsen2019,LHA,GABA_7,LHA-NEURO7,Slc32a1/Tac2/Serpini1,Neuron,
mikkelsen2019,LHA,GABA_8,LHA-NEURO8,Slc32a1/Lhx/Tcf4,Neuron,
mikkelsen2019,LHA,GABA_9,LHA-NEURO9,Slc32a1/Cbln2/Calb1,Neuron,
mikkelsen2019,LHA,Glut_1,LHA-NEURO1,Slc17a6/Pmch/Gad1,Neuron,
mikkelsen2019,LHA,Glut_10,LHA-NEURO10,Slc17a6/Grp/Cck,Neuron,
mikkelsen2019,LHA,Glut_11,LHA-NEURO11,Slc17a6/Calca/Col27a,Neuron,
mikkelsen2019,LHA,Glut_12,LHA-NEURO12,Slc17a6/Trh/Syt2,Neuron,
mikkelsen2019,LHA,Glut_13,LHA-NEURO13,Slc17a6/Syt2/Meis2_Gad1,Neuron,
mikkelsen2019,LHA,Glut_14,LHA-NEURO14,Slc17a6/Otp/Gpr101,Neuron,
mikkelsen2019,LHA,Glut_15,LHA-NEURO15,Slc17a6/Sst,Neuron,
mikkelsen2019,LHA,Glut_2,LHA-NEURO2,Slc17a6/Nrgn/Gda,Neuron,
mikkelsen2019,LHA,Glut_3,LHA-NEURO3,Slc17a6/Zic1/Gad1,Neuron,
mikkelsen2019,LHA,Glut_4,LHA-NEURO4,Slc17a6/Tac1/Pitx2,Neuron,
mikkelsen2019,LHA,Glut_5,LHA-NEURO5,Slc17a6/Ebf3/Otp,Neuron,
mikkelsen2019,LHA,Glut_6,LHA-NEURO6,Slc17a6/Hcrt,Neuron,
mikkelsen2019,LHA,Glut_7,LHA-NEURO7,Slc17a6/Gpr101/Tcf4,Neuron,
mikkelsen2019,LHA,Glut_8,LHA-NEURO8,Slc17a6/Trh/Cbln2,Neuron,
mikkelsen2019,LHA,Glut_9,LHA-NEURO9,Slc17a6/Synpr/Gad1,Neuron,
mikkelsen2019,LHA,Nonneuronal_1,LHA-OLIGO1,Olig1/Mag/Opalin,Oligodendrocyte,Mature_oligo
mikkelsen2019,LHA,Nonneuronal_10,LHA-MICRO1,C1qa/Cx3cr1/Tmem119,Microglia,
mikkelsen2019,LHA,Nonneuronal_11,LHA-OTHER1,doublets,Other,Doublets
mikkelsen2019,LHA,Nonneuronal_12,LHA-OTHER2,doublets,Other,Doublets
mikkelsen2019,LHA,Nonneuronal_13,LHA-OPC1,Olig1/Mag/Pdgfra/Fyn,Oligodendrocyte,Immature_oligo
mikkelsen2019,LHA,Nonneuronal_2,LHA-EPI1,Flt1,Epithelial,
mikkelsen2019,LHA,Nonneuronal_3,LHA-OPC2,Olig1/Cspg4/Pdgfra,Oligodendrocyte,Proliferating_oligo
mikkelsen2019,LHA,Nonneuronal_4,LHA-RBC1,Hba-a1,RBC,Red Blood Cells
mikkelsen2019,LHA,Nonneuronal_5,LHA-FIBRO1,Pdgfra/Col1a2/Gja1,Fibroblast,
mikkelsen2019,LHA,Nonneuronal_6,LHA-ASTRO1,Slc7a10/Gja1/Aqp4/Agt,Astrocyte,
mikkelsen2019,LHA,Nonneuronal_7,LHA-MACRO1,C1qa/Cx3cr1/Mrc1,Macrophage,
mikkelsen2019,LHA,Nonneuronal_8,LHA-ASTRO2,Gfap/Gja1/Aqp4/Agt,Astrocyte,
mikkelsen2019,LHA,Nonneuronal_9,LHA-MURAL1,Cspg4/Acta2,Mural,Pericyte
moffitt2018,POA,Astrocytes_1,POA-ASTRO1,,Astrocyte,
moffitt2018,POA,Astrocytes_2,POA-ASTRO2,,Astrocyte,
moffitt2018,POA,e1_Glut,POA-NEURO1,Glut,Neuron,
moffitt2018,POA,e10_Glut_Meis2,POA-NEURO2,Glut/Meis2,Neuron,
moffitt2018,POA,e11_Glut_Shox2,POA-NEURO3,Glut/Shox2,Neuron,
moffitt2018,POA,e12_Nos1_Foxp2,POA-NEURO4,Nos1/Foxp2,Neuron,
moffitt2018,POA,e13_Ghrh_C1ql1,POA-NEURO5,Ghrh/C1ql1,Neuron,
moffitt2018,POA,e15_Ucn3_Brs3,POA-NEURO6,Ucn3/Brs3,Neuron,
moffitt2018,POA,e16_Sst_Cartpt,POA-NEURO7,Sst/Cartpt,Neuron,
moffitt2018,POA,e17_Th_Adcyap1,POA-NEURO8,Th/Adcyap1,Neuron,
moffitt2018,POA,e19_Ghrh_Trh,POA-NEURO9,Ghrh/Trh,Neuron,
moffitt2018,POA,e2_Tac1_Fezf1,POA-NEURO10,Tac1/Fezf1,Neuron,
moffitt2018,POA,e20_Crh,POA-NEURO11,Crh,Neuron,
moffitt2018,POA,e21_Glut_Rxpf3,POA-NEURO12,Glut/Rxpf3,Neuron,
moffitt2018,POA,e22_Gal_Ucn3,POA-NEURO13,Gal/Ucn3,Neuron,
moffitt2018,POA,e23_Reln_Etv1,POA-NEURO14,Reln/Etv1,Neuron,
moffitt2018,POA,e24_Gal_Rxfp1_,POA-NEURO15,Gal/Rxfp1,Neuron,
moffitt2018,POA,e3_Cartpt_Isl1,POA-NEURO16,Cartpt/Isl1,Neuron,
moffitt2018,POA,e4_Trh_Angpt1,POA-NEURO17,Trh/Angpt1,Neuron,
moffitt2018,POA,e5_Adcyap1_Nkx2.1,POA-NEURO18,Adcyap1/Nkx2,Neuron,
moffitt2018,POA,e6_Nos1_Trp73,POA-NEURO19,Nos1/Trp73,Neuron,
moffitt2018,POA,e7_Reln_C1ql1,POA-NEURO20,Reln/C1ql1,Neuron,
moffitt2018,POA,e8_Cck_Ebf3,POA-NEURO21,Cck/Ebf3,Neuron,
moffitt2018,POA,e9_Glut_Tcf7l2,POA-NEURO22,Glut/Tcf7l2,Neuron,
moffitt2018,POA,Endothelial_1,POA-EPI1,,Epithelial,
moffitt2018,POA,Endothelial_2,POA-EPI2,,Epithelial,
moffitt2018,POA,Endothelial_3,POA-EPI3,,Epithelial,
moffitt2018,POA,Ependymal_1,POA-EPENDY1,,Ependymal,
moffitt2018,POA,Fibroblast_1,POA-FIBRO1,,Fibroblast,fibroblast
moffitt2018,POA,h1_Gaba_Slc17a6,POA-NEURO23,Gaba/Slc17a6,Neuron,
moffitt2018,POA,h2_Nts_Slc17a8,POA-NEURO24,Nts/Slc17a8,Neuron,
moffitt2018,POA,h3_Slc32a1_Gsc,POA-NEURO25,Slc32a1/Gsc,Neuron,
moffitt2018,POA,i1_Gaba,POA-NEURO26,Gaba,Neuron,
moffitt2018,POA,i10_Tac1_Nts,POA-NEURO27,Tac1/Nts,Neuron,
moffitt2018,POA,i11_Gaba,POA-NEURO28,Gaba,Neuron,
moffitt2018,POA,i12_Gaba,POA-NEURO29,Gaba,Neuron,
moffitt2018,POA,i13_Gaba,POA-NEURO30,Gaba,Neuron,
moffitt2018,POA,i14_Avp_Cck,POA-NEURO31,Avp/Cck,Neuron,
moffitt2018,POA,i15_Gaba,POA-NEURO32,Gaba,Neuron,
moffitt2018,POA,i16_Gal_Th,POA-NEURO33,Gal/Th,Neuron,
moffitt2018,POA,i17_Th_Nos1,POA-NEURO34,Th/Nos1,Neuron,
moffitt2018,POA,i18_Gal_Tac2,POA-NEURO35,Gal/Tac2,Neuron,
moffitt2018,POA,i2_Tac1_Pdyn,POA-NEURO36,Tac1/Pdyn,Neuron,
moffitt2018,POA,i20_Gal_Moxd1,POA-NEURO37,Gal/Moxd1,Neuron,
moffitt2018,POA,i21_Sst_Pou3f3,POA-NEURO38,Sst/Pou3f3,Neuron,
moffitt2018,POA,i22_Gal_Pmaip1,POA-NEURO39,Gal/Pmaip1,Neuron,
moffitt2018,POA,i23_Crh_Nts,POA-NEURO40,Crh/Nts,Neuron,
moffitt2018,POA,i24_Nmu,POA-NEURO41,Nmu,Neuron,
moffitt2018,POA,i25_Npy_Etv1,POA-NEURO42,Npy/Etv1,Neuron,
moffitt2018,POA,i26_Tac1_Prok2,POA-NEURO43,Tac1/Prok2,Neuron,
moffitt2018,POA,i27_Th_Trh,POA-NEURO44,Th/Trh,Neuron,
moffitt2018,POA,i28_Gaba_Six6,POA-NEURO45,Gaba/Six6,Neuron,
moffitt2018,POA,i29_Gaba_Igsf1,POA-NEURO46,Gaba/Igsf1,Neuron,
moffitt2018,POA,i3_Penk_Nts,POA-NEURO47,Penk/Nts,Neuron,
moffitt2018,POA,i30_Vip,POA-NEURO48,Vip,Neuron,
moffitt2018,POA,i31_Calca,POA-NEURO49,Calca,Neuron,
moffitt2018,POA,i32_Sst_Npy,POA-NEURO50,Sst/Npy,Neuron,
moffitt2018,POA,i35_Crh_Tac2,POA-NEURO51,Crh/Tac2,Neuron,
moffitt2018,POA,i37_Bdnf_Chrm2,POA-NEURO52,Bdnf/Chrm2,Neuron,
moffitt2018,POA,i38_Kiss1_Th,POA-NEURO53,Kiss1/Th,Neuron,
moffitt2018,POA,i39_Gaba,POA-NEURO54,Gaba,Neuron,
moffitt2018,POA,i4_Gaba_Mylk,POA-NEURO55,Gaba/Mylk,Neuron,
moffitt2018,POA,i40_Sst_Reln,POA-NEURO56,Sst/Reln,Neuron,
moffitt2018,POA,i41_Npy_Penk,POA-NEURO57,Npy/Penk,Neuron,
moffitt2018,POA,i42_Pthlh,POA-NEURO58,Pthlh,Neuron,
moffitt2018,POA,i43_Chat,POA-NEURO59,Chat,Neuron,
moffitt2018,POA,i44_Th_Cxcl14,POA-NEURO60,Th/Cxcl14,Neuron,
moffitt2018,POA,i45_Bdnf_Pmaip1,POA-NEURO61,Bdnf/Pmaip1,Neuron,
moffitt2018,POA,i5_Gaba_Pou3f3,POA-NEURO62,Gaba/Pou3f3,Neuron,
moffitt2018,POA,i6_Avp_Nms,POA-NEURO63,Avp/Nms,Neuron,
moffitt2018,POA,i7_Gaba,POA-NEURO64,Gaba,Neuron,
moffitt2018,POA,i8_Gal_Amigo2,POA-NEURO65,Gal/Amigo2,Neuron,
moffitt2018,POA,i9_Gaba,POA-NEURO66,Gaba,Neuron,
moffitt2018,POA,Immature_oligodendrocyte_1,POA-OPC1,immature,Oligodendrocyte,
moffitt2018,POA,Immature_oligodendrocyte_2,POA-OPC2,immature,Oligodendrocyte,
moffitt2018,POA,Macrophage_1,POA-MACRO1,,Macrophage,
moffitt2018,POA,Mature_oligodendrocyte_1,POA-OLIGO3,mature,Oligodendrocyte,
moffitt2018,POA,Mature_oligodendrocyte_2,POA-OLIGO4,mature,Oligodendrocyte,
moffitt2018,POA,Mature_oligodendrocyte_3,POA-OLIGO5,mature,Oligodendrocyte,
moffitt2018,POA,Mature_oligodendrocyte_4,POA-OLIGO6,mature,Oligodendrocyte,
moffitt2018,POA,Mature_oligodendrocyte_5,POA-OLIGO7,mature,Oligodendrocyte,
moffitt2018,POA,Mature_oligodendrocyte_6,POA-OLIGO8,mature,Oligodendrocyte,
moffitt2018,POA,Microglia_1,POA-MICRO1,,Microglia,
moffitt2018,POA,Microglia_2,POA-MICRO2,,Microglia,
moffitt2018,POA,Mural_1,POA-MURAL1,,Mural,
moffitt2018,POA,Mural_2,POA-MURAL2,,Mural,
moffitt2018,POA,Newly_formed_oligodendrocyte_1,POA-OLIGO9,newly-formed,Oligodendrocyte,
romanov2017,HYPR,Adcyap1_1_Tac1,HYPR-NEURO1,Adcyap1/Tac1,Neuron,
romanov2017,HYPR,Adcyap1_2,HYPR-NEURO2,Adcyap1,Neuron,
romanov2017,HYPR,astrocytes,HYPR-ASTRO1,,Astrocyte,
romanov2017,HYPR,Avp_1_high,HYPR-NEURO3,Avp,Neuron,
romanov2017,HYPR,Avp_2_high,HYPR-NEURO4,Avp,Neuron,
romanov2017,HYPR,Avp_3_medium,HYPR-NEURO5,Avp,Neuron,
romanov2017,HYPR,circadian_1_Vip_Grppos_neg,HYPR-NEURO6,circadian/Vip/Grppos,Neuron,
romanov2017,HYPR,circadian_2_Nms_VIPpos_neg,HYPR-NEURO7,circadian/Nms/VIPpos,Neuron,
romanov2017,HYPR,circadian_3_Per2,HYPR-NEURO8,circadian/Per2,Neuron,
romanov2017,HYPR,Dopamine_1,HYPR-NEURO9,Dopamine,Neuron,
romanov2017,HYPR,Dopamine_2_low_VMAT2,HYPR-NEURO10,Dopamine/VMAT2,Neuron,
romanov2017,HYPR,Dopamine_3,HYPR-NEURO11,Dopamine,Neuron,
romanov2017,HYPR,Dopamine_4,HYPR-NEURO12,Dopamine,Neuron,
romanov2017,HYPR,endothelial,HYPR-EPI1,,Epithelial,
romanov2017,HYPR,ependymal,HYPR-EPENDY1,,Ependymal,
romanov2017,HYPR,GABA_10,HYPR-NEURO13,GABA,Neuron,
romanov2017,HYPR,GABA_11_Nts_1,HYPR-NEURO14,GABA/Nts,Neuron,
romanov2017,HYPR,GABA_12_Nts_2,HYPR-NEURO15,GABA/Nts,Neuron,
romanov2017,HYPR,GABA_13_Galanin,HYPR-NEURO16,GABA/Galanin,Neuron,
romanov2017,HYPR,GABA_14_Npy_Agrp,HYPR-NEURO17,GABA/Npy/Agrp,Neuron,
romanov2017,HYPR,GABA_15_Npynegmedium,HYPR-NEURO18,GABA/Npynegmedium,Neuron,
romanov2017,HYPR,GABA_2_Gucy1a3,HYPR-NEURO19,GABA/Gucy1a3,Neuron,
romanov2017,HYPR,GABA_3_Crhpos_neg_Lhx6,HYPR-NEURO20,GABA/Crhpos/Lhx6,Neuron,
romanov2017,HYPR,GABA_4_Crhpos_neg_Pgr15l,HYPR-NEURO21,GABA/Crhpos/Pgr15l,Neuron,
romanov2017,HYPR,GABA_5_Calcr_Lhx1,HYPR-NEURO22,GABA/Calcr/Lhx1,Neuron,
romanov2017,HYPR,GABA_6_Otof_Lhx1,HYPR-NEURO23,GABA/Otof/Lhx1,Neuron,
romanov2017,HYPR,GABA_7_Pomcpos_neg,HYPR-NEURO24,GABA/Pomcpos,Neuron,
romanov2017,HYPR,GABA_8,HYPR-NEURO25,GABA,Neuron,
romanov2017,HYPR,GABA_9,HYPR-NEURO26,GABA,Neuron,
romanov2017,HYPR,GABA1,HYPR-NEURO27,GABA1,Neuron,
romanov2017,HYPR,Gadneglow_Gnrhneg_pos,HYPR-NEURO28,Gadneglow/Gnrhneg,Neuron,
romanov2017,HYPR,Hcrt,HYPR-NEURO29,Hcrt,Neuron,
romanov2017,HYPR,Hmitpos_neg,HYPR-NEURO30,Hmitpos,Neuron,
romanov2017,HYPR,microglia,HYPR-MICRO1,,Microglia,
romanov2017,HYPR,Npvf,HYPR-NEURO31,Npvf,Neuron,
romanov2017,HYPR,oligos,HYPR-OLIGO1,,Oligodendrocyte,
romanov2017,HYPR,Oxytocin_1,HYPR-NEURO32,Oxytocin,Neuron,
romanov2017,HYPR,Oxytocin_2,HYPR-NEURO33,Oxytocin,Neuron,
romanov2017,HYPR,Oxytocin_3,HYPR-NEURO34,Oxytocin,Neuron,
romanov2017,HYPR,Oxytocin_4,HYPR-NEURO35,Oxytocin,Neuron,
romanov2017,HYPR,Pmch,HYPR-NEURO36,Pmch,Neuron,
romanov2017,HYPR,Sst_1_low,HYPR-NEURO37,Sst,Neuron,
romanov2017,HYPR,Sst_2_high,HYPR-NEURO38,Sst,Neuron,
romanov2017,HYPR,Sst_3_medium,HYPR-NEURO39,Sst,Neuron,
romanov2017,HYPR,Trh_1_low,HYPR-NEURO40,Trh,Neuron,
romanov2017,HYPR,Trh_2_medium,HYPR-NEURO41,Trh,Neuron,
romanov2017,HYPR,Trh_3_high,HYPR-NEURO42,Trh,Neuron,
romanov2017,HYPR,Vglut2_11,HYPR-NEURO43,Vglut2,Neuron,
romanov2017,HYPR,Vglut2_12_Mgat4b,HYPR-NEURO44,Vglut2/Mgat4b,Neuron,
romanov2017,HYPR,Vglut2_13Ninl_Rfx5_Zfp346,HYPR-NEURO45,Vglut2/Ninl/Rfx5/Zfp346,Neuron,
romanov2017,HYPR,Vglut2_14_Col9a2,HYPR-NEURO46,Vglut2/Col9a2,Neuron,
romanov2017,HYPR,Vglut2_15_Hcn1_6430411K18Rik,HYPR-NEURO47,Vglut2/Hcn1/K18Rik,Neuron,
romanov2017,HYPR,Vglut2_2_Crhpos_neg,HYPR-NEURO48,Vglut2/Crhpos,Neuron,
romanov2017,HYPR,Vglut2_3_Crhnegpos_neg_low,HYPR-NEURO49,Vglut2/Crhnegpos,Neuron,
romanov2017,HYPR,Vglut2_4,HYPR-NEURO50,Vglut2,Neuron,
romanov2017,HYPR,Vglut2_6_Prmt8_Ugdh,HYPR-NEURO51,Vglut2/Prmt8/Ugdh,Neuron,
romanov2017,HYPR,Vglut2_7_Pgam_Snx12,HYPR-NEURO52,Vglut2/Pgam/Snx12,Neuron,
romanov2017,HYPR,Vglut2_8,HYPR-NEURO53,Vglut2,Neuron,
romanov2017,HYPR,Vglut2_9_Gpr149,HYPR-NEURO54,Vglut2/Gpr149,Neuron,
romanov2017,HYPR,vsm,HYPR-MURAL1,,Mural,Vascular smooth muscle