annotation,Class,Description,NCells,Neurotransmitter,Probable_location,Region,LeafOrder,TaxonomyRank1,TaxonomyRank2,TaxonomyRank3,TaxonomyRank4,Comment,TaxonomyRank4_reduced1,tax_order_idx_mb_fig1c,Neurotransmitter_class,Neurotransmitter_class_linnarson,nt.Acetylcholine,nt.Adrenaline,nt.Dopamine,nt.GABA,nt.GLYT1,nt.GLYT2,nt.Nitric oxide,nt.Noradrenaline,nt.Serotonin,nt.VGLUT1,nt.VGLUT2,nt.VGLUT3,nt.<NA>,color_by_variable,DET,GES,NSI,EP,ESmu
ABC,Vascular,Vascular leptomeningeal cells,137,NA,Pia/meninges surface,CNS,251,Vascular cells,Vascular cells,Vascular cells,Vascular and leptomeningeal cells,"Have Dcn,Gjb2,Ptgds. Lack Vtn,Cldn5,Lum,Col1a1 (neural crest origin is uncertain)",Vascular,2,Non-neuron,NA,NA,NA,NA,NA,NA,NA,NA,NA,NA,NA,NA,NA,1,Vascular,2701,2477,1265,2351,3275
ACBG,Astrocytes,Bergmann glia,921,NA,Cerebellum,Cerebellum,237,Glia,CNS glia,Astroependymal cells,Astrocytes,nan,Astrocytes,5,Non-neuron,NA,NA,NA,NA,NA,NA,NA,NA,NA,NA,NA,NA,NA,1,Astrocytes,1502,1056,2126,2170,2689
ACMB,Astrocytes,Dorsal midbrain Myoc-expressing astrocyte-like,861,NA,Dorsal midbrain,Midbrain dorsal,236,Glia,CNS glia,Astroependymal cells,Astrocytes,nan,Astrocytes,5,Non-neuron,NA,NA,NA,NA,NA,NA,NA,NA,NA,NA,NA,NA,NA,1,Astrocytes,2939,2126,2169,2588,3717
ACNT1,Astrocytes,"Non-telencephalon astrocytes, protoplasmic",6642,NA,Non-telencephalon,"Hypothalamus,Thalamus,Midbrain dorsal,Midbrain ventral,Pons,Medulla,Spinal cord",234,Glia,CNS glia,Astroependymal cells,Astrocytes,nan,Astrocytes,5,Non-neuron,NA,NA,NA,NA,NA,NA,NA,NA,NA,NA,NA,NA,NA,1,Astrocytes,1721,1343,2414,3364,4080
ACNT2,Astrocytes,"Non-telencephalon astrocytes, fibrous",2568,NA,Non-telencephalon,"Hypothalamus,Thalamus,Midbrain dorsal,Midbrain ventral,Pons,Medulla,Spinal cord",235,Glia,CNS glia,Astroependymal cells,Astrocytes,nan,Astrocytes,5,Non-neuron,NA,NA,NA,NA,NA,NA,NA,NA,NA,NA,NA,NA,NA,1,Astrocytes,2131,1603,2543,2875,3620
ACOB,Astrocytes,Olfactory astrocytes,1438,NA,Olfactory bulb periglomerular layer,Olfactory bulb,233,Glia,CNS glia,Astroependymal cells,Astrocytes,nan,Astrocytes,5,Non-neuron,NA,NA,NA,NA,NA,NA,NA,NA,NA,NA,NA,NA,NA,1,Astrocytes,2422,1796,2330,2574,3421
ACTE1,Astrocytes,"Telencephalon astrocytes, fibrous",2974,NA,Telencephalon,Telencephalon,231,Glia,CNS glia,Astroependymal cells,Astrocytes,nan,Astrocytes,5,Non-neuron,NA,NA,NA,NA,NA,NA,NA,NA,NA,NA,NA,NA,NA,1,Astrocytes,2098,1610,2225,2476,3271
ACTE2,Astrocytes,"Telencephalon astrocytes, protoplasmic",3973,NA,Telencephalon,Telencephalon,232,Glia,CNS glia,Astroependymal cells,Astrocytes,nan,Astrocytes,5,Non-neuron,NA,NA,NA,NA,NA,NA,NA,NA,NA,NA,NA,NA,NA,1,Astrocytes,2002,1468,2484,2877,3587
CBGRC,Neurons,"Granule neurons, cerebellum",4193,Glutamate (VGLUT1),Cerebellum,Cerebellum,176,Neurons,CNS neurons,Cerebellum neurons,Cerebellum neurons,Almost half are clearly Calb2-negative,Hindbrain neurons,12,Excitatory,NA,NA,NA,NA,NA,NA,NA,NA,NA,NA,1,NA,NA,NA,Neurons,616,419,2257,1843,2546
CBINH1,Neurons,"Molecular layer interneurons, cerebellum",662,"GABA, Nitric oxide","Cerebellum, molecular layer",Cerebellum,174,Neurons,CNS neurons,Cerebellum neurons,Cerebellum neurons,nan,Hindbrain neurons,12,Inhibitory,NA,NA,NA,NA,1,NA,NA,1,NA,NA,NA,NA,NA,NA,Neurons,1537,920,1565,1524,2221
CBINH2,Neurons,"Granular layer interneurons, cerebellum",17,"GABA, Glycine (GLYT2)","Cerebellum, granular layer",Cerebellum,172,Neurons,CNS neurons,Cerebellum neurons,Cerebellum neurons,nan,Hindbrain neurons,12,Inhibitory,NA,NA,NA,NA,1,NA,1,NA,NA,NA,NA,NA,NA,NA,Neurons,1297,920,436,814,1530
CBNBL1,Neurons,"Neuroblasts, cerebellum",163,Glutamate (VGLUT2),"Hindbrain (pons, medulla cerabellum)","Pons,Medulla,Cerebellum",178,Neurons,CNS neurons,Immature neural,Glutamatergic neuroblasts,nan,Neuroblasts,21,Excitatory,NA,NA,NA,NA,NA,NA,NA,NA,NA,NA,NA,1,NA,NA,Neurons,1462,732,859,878,1774
CBNBL2,Neurons,"Neuroblasts, cerebellum",293,NA,Cerabellum,Cerebellum,177,Neurons,CNS neurons,Cerebellum neurons,Cerebellum neurons,nan,Hindbrain neurons,12,Missing neurotransmitter,NA,NA,NA,NA,NA,NA,NA,NA,NA,NA,NA,NA,NA,1,Neurons,567,320,1649,1293,1681
CBPC,Neurons,Purkinje cells,84,GABA,"Cerebellum, border of granular layer and molecular layer",Cerebellum,175,Neurons,CNS neurons,Cerebellum neurons,Cerebellum neurons,nan,Hindbrain neurons,12,Inhibitory,NA,NA,NA,NA,1,NA,NA,NA,NA,NA,NA,NA,NA,NA,Neurons,927,741,1069,1397,1547
CHOR,Ependymal,Chorid plexus epithelial cells,458,NA,"Medulla,Thalamus","Medulla,Thalamus",224,Glia,CNS glia,Astroependymal cells,Choroid epithelial cells,nan,Other CNS glia,6,Non-neuron,NA,NA,NA,NA,NA,NA,NA,NA,NA,NA,NA,NA,NA,1,Ependymal,3818,3582,1869,2943,4424
COP1,Oligos,Committed oligodendrocytes cells (COP),1532,NA,CNS,CNS,215,Glia,CNS glia,Oligodendrocytes,Oligodendrocytes,nan,Oligodendrocytes,7,Non-neuron,NA,NA,NA,NA,NA,NA,NA,NA,NA,NA,NA,NA,NA,1,Oligos,3292,2220,2026,2376,4135
COP2,Oligos,"Committed oligodendrocytes cells (COP), pons/medulla specific",254,NA,Pons/medulla (possible batch effect),CNS,216,Glia,CNS glia,Oligodendrocytes,Oligodendrocytes,Possible batch effect,Oligodendrocytes,7,Non-neuron,NA,NA,NA,NA,NA,NA,NA,NA,NA,NA,NA,NA,NA,1,Oligos,2448,1678,1627,2079,2949
CR,Neurons,"Cajal-Retzius cells, hippocampus",222,Glutamate (VGLUT2),Dentate gyrus molecular layer,Dentate gyrus,134,Neurons,CNS neurons,Di- and mesencephalon neurons,Di- and mesencephalon excitatory neurons,nan,Di- and mesencephalon excitatory neurons,14,Excitatory,NA,NA,NA,NA,NA,NA,NA,NA,NA,NA,NA,1,NA,NA,Neurons,1712,803,894,1078,2140
DECHO1,Neurons,"Cholinergic neurons, septal nucleus, Meissnert and diagonal band",114,"Acetylcholine, Glutamate (VGLUT3), Nitric oxide","Medial septal nuclues, diagonal band nucleus and nucleus basalis of Meissnert",Hypothalamus,68,Neurons,CNS neurons,"Cholinergic, monoaminergic and peptidergic neurons",Cholinergic and monoaminergic neurons,nan,Cholinergic and monoaminergic neurons,18,Excitatory,NA,1,NA,NA,NA,NA,NA,1,NA,NA,NA,NA,1,NA,Neurons,4790,5846,454,992,6246
DECHO2,Neurons,"Cholinergic neurons, habenula",207,"Acetylcholine,Glutamate (VGLUT1,VGLUT3)",Habenula,Thalamus,135,Neurons,CNS neurons,Di- and mesencephalon neurons,Di- and mesencephalon excitatory neurons,nan,Di- and mesencephalon excitatory neurons,14,Excitatory,NA,1,NA,NA,NA,NA,NA,NA,NA,NA,1,NA,1,NA,Neurons,3173,1902,679,701,3424
DEGLU1,Neurons,"Excitatory neurons, thalamus",1058,"Glutamate (VGLUT1,VGLUT2)",Posterior thalamus,Thalamus,137,Neurons,CNS neurons,Di- and mesencephalon neurons,Di- and mesencephalon excitatory neurons,nan,Di- and mesencephalon excitatory neurons,14,Excitatory,Ex,NA,NA,NA,NA,NA,NA,NA,NA,NA,1,1,NA,NA,Neurons,6713,6877,1294,2119,7398
DEGLU2,Neurons,"Excitatory neurons, hypothalamus",257,"Glutamate (VGLUT1,VGLUT2)",Subparafascicular nucleus,Hypothalamus,138,Neurons,CNS neurons,Di- and mesencephalon neurons,Di- and mesencephalon excitatory neurons,nan,Di- and mesencephalon excitatory neurons,14,Excitatory,Ex,NA,NA,NA,NA,NA,NA,NA,NA,NA,1,1,NA,NA,Neurons,5825,6609,684,1046,6856
DEGLU3,Neurons,"Excitatory neurons, thalamus",1113,Glutamate (VGLUT2),Paraventricular nucleus of the thalamus,Thalamus,139,Neurons,CNS neurons,Di- and mesencephalon neurons,Di- and mesencephalon excitatory neurons,nan,Di- and mesencephalon excitatory neurons,14,Excitatory,Ex,NA,NA,NA,NA,NA,NA,NA,NA,NA,NA,1,NA,NA,Neurons,6304,5811,1153,1720,6837
DEGLU4,Neurons,"Excitatory neurons, thalamus",101,Glutamate (VGLUT2),Parafascicular nucleus,Thalamus,140,Neurons,CNS neurons,Di- and mesencephalon neurons,Di- and mesencephalon excitatory neurons,nan,Di- and mesencephalon excitatory neurons,14,Excitatory,Ex,NA,NA,NA,NA,NA,NA,NA,NA,NA,NA,1,NA,NA,Neurons,3834,3339,377,802,4238
DEGLU5,Neurons,"Excitatory neurons, midbrain",426,Glutamate (VGLUT1),Anterior pretectal nucleus,Midbrain dorsal,123,Neurons,CNS neurons,Di- and mesencephalon neurons,Di- and mesencephalon excitatory neurons,"doi:10.1007/s00429-011-0348-3Â Very similar to Thalamus cluster, changed",Di- and mesencephalon excitatory neurons,14,Excitatory,Ex,NA,NA,NA,NA,NA,NA,NA,NA,NA,1,NA,NA,NA,Neurons,4949,3810,649,876,5317
DEINH1,Neurons,"Inhibitory neurons, thalamus",339,GABA,Reticular nucleus of the thalamus (Sst low),Thalamus,47,Neurons,CNS neurons,Telencephalon interneurons,Telencephalon inhibitory interneurons,nan,Telencephalon inhibitory interneurons,19,Inhibitory,In,NA,NA,NA,1,NA,NA,NA,NA,NA,NA,NA,NA,NA,Neurons,4580,3647,611,775,4902
DEINH2,Neurons,"Inhibitory neurons, thalamus",167,GABA,Reticular nucleus of the thalamus,Thalamus,48,Neurons,CNS neurons,Telencephalon interneurons,Telencephalon inhibitory interneurons,nan,Telencephalon inhibitory interneurons,19,Inhibitory,In,NA,NA,NA,1,NA,NA,NA,NA,NA,NA,NA,NA,NA,Neurons,3892,2855,498,743,4181
DEINH3,Neurons,"Inhibitory neurons, hypothalamus",323,GABA,Subthalamic nucleus,Hypothalamus,152,Neurons,CNS neurons,Di- and mesencephalon neurons,Di- and mesencephalon inhibitory neurons,nan,Di- and mesencephalon inhibitory neurons,13,Inhibitory,In,NA,NA,NA,1,NA,NA,NA,NA,NA,NA,NA,NA,NA,Neurons,5359,4751,614,1149,5795
DEINH4,Neurons,"Inhibitory neurons, thalamus",57,"GABA, Nitric oxide",Paraventricular nucleus of the thalamus (best fit) but do not fit with Nmu expression,Thalamus,85,Neurons,CNS neurons,"Cholinergic, monoaminergic and peptidergic neurons",Peptidergic neurons,nan,Peptidergic neurons,17,Inhibitory,In,NA,NA,NA,1,NA,NA,1,NA,NA,NA,NA,NA,NA,Neurons,2948,2083,380,704,3228
DEINH5,Neurons,"Peptidergic neurons, hypothalamus",308,GABA,"Medial preoptic nucleus, Bed nuclei of the stria terminalis anterior division",Hypothalamus,86,Neurons,CNS neurons,"Cholinergic, monoaminergic and peptidergic neurons",Peptidergic neurons,nan,Peptidergic neurons,17,Inhibitory,NA,NA,NA,NA,1,NA,NA,NA,NA,NA,NA,NA,NA,NA,Neurons,3794,2294,690,770,4161
DEINH6,Neurons,"Peptidergic neurons, hypothalamus",12,GABA,"Arcuate hypothalamic nucleus (probably, Npy, Agrp cells)",Hypothalamus,91,Neurons,CNS neurons,"Cholinergic, monoaminergic and peptidergic neurons",Peptidergic neurons,nan,Peptidergic neurons,17,Inhibitory,NA,NA,NA,NA,1,NA,NA,NA,NA,NA,NA,NA,NA,NA,Neurons,1394,697,406,661,1549
DEINH7,Neurons,"Inhibitory neurons, hypothalamus",182,GABA,"Suprachiasmatic nucleus, Medial preoptic nucleus",Hypothalamus,93,Neurons,CNS neurons,"Cholinergic, monoaminergic and peptidergic neurons",Peptidergic neurons,nan,Peptidergic neurons,17,Inhibitory,In,NA,NA,NA,1,NA,NA,NA,NA,NA,NA,NA,NA,NA,Neurons,981,477,1012,934,1480
DEINH8,Neurons,"Inhibitory neurons, hypothalamus",120,GABA,"Suprachiasmatic nucleus, Medial preoptic nucleus",Hypothalamus,92,Neurons,CNS neurons,"Cholinergic, monoaminergic and peptidergic neurons",Peptidergic neurons,nan,Peptidergic neurons,17,Inhibitory,In,NA,NA,NA,1,NA,NA,NA,NA,NA,NA,NA,NA,NA,Neurons,1334,589,673,695,1591
DETPH,Neurons,"Neuroblast-like, habenula",7,NA,Medial habenula,Thalamus,33,Neurons,CNS neurons,Immature neural,Non-glutamatergic neuroblasts,Tph1,Neuroblasts,21,Missing neurotransmitter,NA,NA,NA,NA,NA,NA,NA,NA,NA,NA,NA,NA,NA,1,Neurons,1202,780,535,714,1338
DGGRC1,Neurons,"Granule neuroblasts, dentate gyrus",983,Glutamate (VGLUT1),Dentate gyrus,Dentate gyrus,25,Neurons,CNS neurons,Telencephalon projecting neurons,Dentate gyrus granule neurons,nan,Other CNS neurons,22,Excitatory,NA,NA,NA,NA,NA,NA,NA,NA,NA,NA,1,NA,NA,NA,Neurons,3354,2139,1552,1513,3944
DGGRC2,Neurons,"Granule neurons, dentate gyrus",3385,Glutamate (VGLUT1),Dentate gyrus,Dentate gyrus,26,Neurons,CNS neurons,Telencephalon projecting neurons,Dentate gyrus granule neurons,nan,Other CNS neurons,22,Excitatory,NA,NA,NA,NA,NA,NA,NA,NA,NA,NA,1,NA,NA,NA,Neurons,3539,2258,1752,1947,4380
DGNBL1,Neurons,"Granule neuroblasts, dentate gyrus",159,NA,Dentate gyrus,Dentate gyrus,35,Neurons,CNS neurons,Immature neural,Non-glutamatergic neuroblasts,nan,Neuroblasts,21,Missing neurotransmitter,NA,NA,NA,NA,NA,NA,NA,NA,NA,NA,NA,NA,NA,1,Neurons,2004,965,1106,1306,2398
DGNBL2,Neurons,"Granule neuroblasts, dentate gyrus",1445,NA,Dentate gyrus,Dentate gyrus,34,Neurons,CNS neurons,Immature neural,Non-glutamatergic neuroblasts,nan,Neuroblasts,21,Missing neurotransmitter,NA,NA,NA,NA,NA,NA,NA,NA,NA,NA,NA,NA,NA,1,Neurons,2426,1674,1796,1937,3270
ENMFB,Vascular,Enteric mesothelial fibroblasts,49,NA,Enteric nervous system,Enteric nervous system,250,Glia,Neural crest-like glia,Neural crest-like glia,Enteric glia,"lack Vtn,Igf2,Gjb2 (neural crest origin is uncertain)",Enteric glia,3,Non-neuron,NA,NA,NA,NA,NA,NA,NA,NA,NA,NA,NA,NA,NA,1,Vascular,2649,2199,857,1780,3057
ENT1,Neurons,Nitrergic enteric neurons,14,Nitric oxide,Myenteric plexus of small intestine,Enteric nervous system,182,Neurons,PNS neurons,Enteric neurons,Enteric neurons,No corresponding Marklund cluster,Enteric neurons,10,Nitric oxide,NA,NA,NA,NA,NA,NA,NA,1,NA,NA,NA,NA,NA,NA,Neurons,1923,2890,220,807,3198
ENT2,Neurons,Nitrergic enteric neurons,107,Nitric oxide,Myenteric plexus of small intestine,Enteric nervous system,183,Neurons,PNS neurons,Enteric neurons,Enteric neurons,Marklund cluster #2,Enteric neurons,10,Nitric oxide,NA,NA,NA,NA,NA,NA,NA,1,NA,NA,NA,NA,NA,NA,Neurons,4769,6396,508,1460,6709
ENT3,Neurons,Nitrergic enteric neurons,155,Nitric oxide,Myenteric plexus of small intestine,Enteric nervous system,184,Neurons,PNS neurons,Enteric neurons,Enteric neurons,Marklund cluster #2,Enteric neurons,10,Nitric oxide,NA,NA,NA,NA,NA,NA,NA,1,NA,NA,NA,NA,NA,NA,Neurons,4325,5110,781,1764,5550
ENT4,Neurons,Cholinergic enteric neurons,155,Acetylcholine,Myenteric plexus of small intestine,Enteric nervous system,185,Neurons,PNS neurons,Enteric neurons,Enteric neurons,No corresponding Marklund cluster,Enteric neurons,10,Acetylcholine,NA,1,NA,NA,NA,NA,NA,NA,NA,NA,NA,NA,NA,NA,Neurons,4455,4613,922,1875,5284
ENT5,Neurons,Cholinergic enteric neurons,259,Acetylcholine,Myenteric plexus of small intestine,Enteric nervous system,186,Neurons,PNS neurons,Enteric neurons,Enteric neurons,Marklund cluster #4,Enteric neurons,10,Acetylcholine,NA,1,NA,NA,NA,NA,NA,NA,NA,NA,NA,NA,NA,NA,Neurons,3469,3446,1124,1582,4145
ENT6,Neurons,Cholinergic enteric neurons,118,Acetylcholine,Myenteric plexus of small intestine,Enteric nervous system,187,Neurons,PNS neurons,Enteric neurons,Enteric neurons,Marklund cluster #6,Enteric neurons,10,Acetylcholine,NA,1,NA,NA,NA,NA,NA,NA,NA,NA,NA,NA,NA,NA,Neurons,3744,4193,638,1290,4716
ENT7,Neurons,"Cholinergic enteric neurons, VGLUT2",31,"Glutamate (VGLUT2),Acetylcholine",Myenteric plexus of small intestine,Enteric nervous system,188,Neurons,PNS neurons,Enteric neurons,Enteric neurons,Marklund cluster #5,Enteric neurons,10,Excitatory,NA,1,NA,NA,NA,NA,NA,NA,NA,NA,NA,1,NA,NA,Neurons,2868,3405,274,976,3891
ENT8,Neurons,"Cholinergic enteric neurons, VGLUT2",97,"Glutamate (VGLUT2),Acetylcholine",Myenteric plexus of small intestine,Enteric nervous system,189,Neurons,PNS neurons,Enteric neurons,Enteric neurons,Marklund cluster #3,Enteric neurons,10,Excitatory,NA,1,NA,NA,NA,NA,NA,NA,NA,NA,NA,1,NA,NA,Neurons,3604,5573,466,1315,5920
ENT9,Neurons,Cholinergic enteric neurons,169,Acetylcholine,Myenteric plexus of small intestine,Enteric nervous system,190,Neurons,PNS neurons,Enteric neurons,Enteric neurons,Marklund cluster #1,Enteric neurons,10,Acetylcholine,NA,1,NA,NA,NA,NA,NA,NA,NA,NA,NA,NA,NA,NA,Neurons,4498,6260,849,2137,6487
ENTG1,PeripheralGlia,"Enteric glia, proliferating",163,NA,Enteric nervous system,Enteric nervous system,243,Glia,Neural crest-like glia,Neural crest-like glia,Enteric glia,Foxd3 positive,Enteric glia,3,Non-neuron,NA,NA,NA,NA,NA,NA,NA,NA,NA,NA,NA,NA,NA,1,PeripheralGlia,4367,4436,1380,2744,4994
ENTG2,PeripheralGlia,Enteric glia,2160,NA,Enteric nervous system,Enteric nervous system,244,Glia,Neural crest-like glia,Neural crest-like glia,Enteric glia,nan,Enteric glia,3,Non-neuron,NA,NA,NA,NA,NA,NA,NA,NA,NA,NA,NA,NA,NA,1,PeripheralGlia,3393,2919,2796,3130,4411
ENTG3,PeripheralGlia,Enteric glia,1135,NA,Enteric nervous system,Enteric nervous system,245,Glia,Neural crest-like glia,Neural crest-like glia,Enteric glia,Foxd3 positive,Enteric glia,3,Non-neuron,NA,NA,NA,NA,NA,NA,NA,NA,NA,NA,NA,NA,NA,1,PeripheralGlia,3896,3292,2508,2765,4555
ENTG4,PeripheralGlia,Enteric glia,4044,NA,Enteric nervous system,Enteric nervous system,246,Glia,Neural crest-like glia,Neural crest-like glia,Enteric glia,"have some neuronal markers like Camk2b,Nrn1,Klk8. Foxd3 positive",Enteric glia,3,Non-neuron,NA,NA,NA,NA,NA,NA,NA,NA,NA,NA,NA,NA,NA,1,PeripheralGlia,4000,3504,2711,3309,5076
ENTG5,PeripheralGlia,Enteric glia,1132,NA,Enteric nervous system,Enteric nervous system,247,Glia,Neural crest-like glia,Neural crest-like glia,Enteric glia,Foxd3 positive,Enteric glia,3,Non-neuron,NA,NA,NA,NA,NA,NA,NA,NA,NA,NA,NA,NA,NA,1,PeripheralGlia,3604,3029,2498,2776,4346
ENTG6,PeripheralGlia,Enteric glia,811,NA,Enteric nervous system,Enteric nervous system,248,Glia,Neural crest-like glia,Neural crest-like glia,Enteric glia,nan,Enteric glia,3,Non-neuron,NA,NA,NA,NA,NA,NA,NA,NA,NA,NA,NA,NA,NA,1,PeripheralGlia,3557,2934,2328,2559,4186
ENTG7,PeripheralGlia,Enteric glia,1041,NA,Enteric nervous system,Enteric nervous system,249,Glia,Neural crest-like glia,Neural crest-like glia,Enteric glia,Foxd3 positive,Enteric glia,3,Non-neuron,NA,NA,NA,NA,NA,NA,NA,NA,NA,NA,NA,NA,NA,1,PeripheralGlia,4072,3319,2396,2925,4815
EPEN,Ependymal,Ependymal cells,774,NA,Brain,Brain,227,Glia,CNS glia,Astroependymal cells,Ependymal cells,nan,Other CNS glia,6,Non-neuron,NA,NA,NA,NA,NA,NA,NA,NA,NA,NA,NA,NA,NA,1,Ependymal,5629,5225,2179,3761,6104
EPMB,Ependymal,"Ependymal cells, midbrain",69,NA,Dorsal midbrain pia,Midbrain dorsal,228,Glia,CNS glia,Astroependymal cells,Ependymal cells,"Gfap high, no Aqp4,Gja1,Foxj1",Other CNS glia,6,Non-neuron,NA,NA,NA,NA,NA,NA,NA,NA,NA,NA,NA,NA,NA,1,Ependymal,1714,1191,934,1824,2166
EPSC,Ependymal,"Ependymal cells, spinal cord",414,NA,Spinal cord,Spinal cord,226,Glia,CNS glia,Astroependymal cells,Ependymal cells,"low Aqp4, many immidate early genes",Other CNS glia,6,Non-neuron,NA,NA,NA,NA,NA,NA,NA,NA,NA,NA,NA,NA,NA,1,Ependymal,3282,2877,1809,2655,3869
HBADR,Neurons,Adrenergic cell groups of the medulla,40,"Adrenaline, Glutamate (VGLUT3)","Nucleus of the solitary tract, adrenergic cell groups C1-3",Medulla,71,Neurons,CNS neurons,"Cholinergic, monoaminergic and peptidergic neurons",Cholinergic and monoaminergic neurons,nan,Cholinergic and monoaminergic neurons,18,Excitatory,NA,NA,1,NA,NA,NA,NA,NA,NA,NA,NA,NA,1,NA,Neurons,3404,2899,304,893,3888
HBCHO1,Neurons,"Cholinergic neurons, hindbrain",10,"Acetylcholine,Glutamate (VGLUT2)",Medulla (several nuclei),Medulla,161,Neurons,CNS neurons,Hindbrain neurons,Hindbrain neurons,nan,Hindbrain neurons,12,Excitatory,NA,1,NA,NA,NA,NA,NA,NA,NA,NA,NA,1,NA,NA,Neurons,2348,2687,223,670,3178
HBCHO2,Neurons,"Cholinergic neurons, hindbrain",22,"Acetylcholine, Glutamate (VGLUT2), Nitric oxide","Medial pontine nuclei, reticulotegmental nuclei",Pons,162,Neurons,CNS neurons,Hindbrain neurons,Hindbrain neurons,"Low Chat,Slc5a7",Hindbrain neurons,12,Excitatory,NA,1,NA,NA,NA,NA,NA,1,NA,NA,NA,1,NA,NA,Neurons,4025,5187,127,636,5461
HBCHO3,Neurons,Afferent nuclei of cranial nerves VI-XII,72,"Acetylcholine, Nitric oxide",Afferent nuclei of cranial nerves VI-XII,Medulla,70,Neurons,CNS neurons,"Cholinergic, monoaminergic and peptidergic neurons",Cholinergic and monoaminergic neurons,nan,Cholinergic and monoaminergic neurons,18,Acetylcholine,NA,1,NA,NA,NA,NA,NA,1,NA,NA,NA,NA,NA,NA,Neurons,5640,6929,240,1307,7208
HBCHO4,Neurons,Afferent nuclei of cranial nerves III-V,52,"Acetylcholine, Nitric oxide",Afferent nuclei of cranial nerves III-V,Pons,69,Neurons,CNS neurons,"Cholinergic, monoaminergic and peptidergic neurons",Cholinergic and monoaminergic neurons,nan,Cholinergic and monoaminergic neurons,18,Acetylcholine,NA,1,NA,NA,NA,NA,NA,1,NA,NA,NA,NA,NA,NA,Neurons,3973,4404,255,650,4975
HBGLU1,Neurons,"Excitatory neurons, hindbrain",52,"Glutamate (VGLUT2, VGLUT3)",Inferior olivary complex,Medulla,136,Neurons,CNS neurons,Di- and mesencephalon neurons,Di- and mesencephalon excitatory neurons,nan,Di- and mesencephalon excitatory neurons,14,Excitatory,Ex,NA,NA,NA,NA,NA,NA,NA,NA,NA,NA,1,1,NA,Neurons,3961,3950,299,855,4686
HBGLU10,Neurons,"Excitatory neurons, hindbrain",80,Glutamate (VGLUT2),Nucleus of the solitary tract,Medulla,118,Neurons,CNS neurons,Spinal cord neurons,Spinal cord excitatory neurons,nan,Spinal cord excitatory neurons,15,Excitatory,Ex,NA,NA,NA,NA,NA,NA,NA,NA,NA,NA,1,NA,NA,Neurons,2296,1452,489,1103,2583
HBGLU2,Neurons,"Excitatory neurons, hindbrain",200,"Glutamate (VGLUT2), Nitric oxide",Nucleus of the solitary tract,Medulla,120,Neurons,CNS neurons,Di- and mesencephalon neurons,Di- and mesencephalon excitatory neurons,nan,Di- and mesencephalon excitatory neurons,14,Excitatory,Ex,NA,NA,NA,NA,NA,NA,1,NA,NA,NA,1,NA,NA,Neurons,5118,5136,491,1667,5811
HBGLU3,Neurons,"Excitatory neurons, hindbrain",107,"Glutamate (VGLUT2), Nitric oxide",Nucleus of the solitary tract,Medulla,119,Neurons,CNS neurons,Di- and mesencephalon neurons,Di- and mesencephalon excitatory neurons,nan,Di- and mesencephalon excitatory neurons,14,Excitatory,Ex,NA,NA,NA,NA,NA,NA,1,NA,NA,NA,1,NA,NA,Neurons,4003,3123,365,1095,4294
HBGLU4,Neurons,"Excitatory neurons, hindbrain",7,"Glutamate (VGLUT2), Nitric oxide",Medial vestibular nucleus and Nucleus prepositus,Medulla,163,Neurons,CNS neurons,Hindbrain neurons,Hindbrain neurons,nan,Hindbrain neurons,12,Excitatory,Ex,NA,NA,NA,NA,NA,NA,1,NA,NA,NA,1,NA,NA,Neurons,2560,2755,194,616,3281
HBGLU5,Neurons,"Excitatory neurons, hindbrain",130,"Glutamate (VGLUT1), Nitric oxide","Pontine reticular nucleus, caudal part",Pons,164,Neurons,CNS neurons,Hindbrain neurons,Hindbrain neurons,nan,Hindbrain neurons,12,Excitatory,Ex,NA,NA,NA,NA,NA,NA,1,NA,NA,1,NA,NA,NA,Neurons,4842,5190,495,1081,5775
HBGLU6,Neurons,"Excitatory neurons, hindbrain",252,"Glutamate (VGLUT1,VGLUT2), Nitric oxide",Pontine gray,Pons,165,Neurons,CNS neurons,Hindbrain neurons,Hindbrain neurons,nan,Hindbrain neurons,12,Excitatory,Ex,NA,NA,NA,NA,NA,NA,1,NA,NA,1,1,NA,NA,Neurons,5950,6393,690,1746,6783
HBGLU7,Neurons,"Excitatory neurons, hindbrain",275,"Glutamate (VGLUT1,VGLUT2), Nitric oxide",Tegmental reticular nucleus,Pons,166,Neurons,CNS neurons,Hindbrain neurons,Hindbrain neurons,nan,Hindbrain neurons,12,Excitatory,Ex,NA,NA,NA,NA,NA,NA,1,NA,NA,1,1,NA,NA,Neurons,5789,6023,672,1632,6459
HBGLU8,Neurons,"Excitatory neurons, hindbrain",11,"Glutamate (VGLUT1,VGLUT2), Nitric oxide",Tegmental reticular nucleus,Pons,167,Neurons,CNS neurons,Hindbrain neurons,Hindbrain neurons,merge with 10,Hindbrain neurons,12,Excitatory,Ex,NA,NA,NA,NA,NA,NA,1,NA,NA,1,1,NA,NA,Neurons,3115,4373,160,692,4666
HBGLU9,Neurons,"Excitatory neurons, hindbrain",97,Glutamate (VGLUT2),Spinal nucleus of the trigeminal,Medulla,168,Neurons,CNS neurons,Hindbrain neurons,Hindbrain neurons,nan,Hindbrain neurons,12,Excitatory,Ex,NA,NA,NA,NA,NA,NA,NA,NA,NA,NA,1,NA,NA,Neurons,4705,4569,359,1396,5151
HBINH1,Neurons,"Inhibitory neurons, hindbrain",13,"GABA, Nitric oxide","Pons, interpeduncular and tegmental nuclei in rh1",Pons,156,Neurons,CNS neurons,Di- and mesencephalon neurons,Di- and mesencephalon inhibitory neurons,nan,Di- and mesencephalon inhibitory neurons,13,Inhibitory,In,NA,NA,NA,1,NA,NA,1,NA,NA,NA,NA,NA,NA,Neurons,1335,699,494,868,1540
HBINH2,Neurons,"Inhibitory neurons, hindbrain",22,"GABA, Glycine (GLYT1), Nitric oxide",Nucleus of the solitary tract,Medulla,160,Neurons,CNS neurons,Hindbrain neurons,Hindbrain neurons,nan,Hindbrain neurons,12,Inhibitory,In,NA,NA,NA,1,1,NA,1,NA,NA,NA,NA,NA,NA,Neurons,3826,4585,147,635,5031
HBINH3,Neurons,"Inhibitory neurons, hindbrain",127,"GABA, Glycine (GLYT1,GLYT2)",Paragigantocellular reticular nucleus,Medulla,157,Neurons,CNS neurons,Hindbrain neurons,Hindbrain neurons,should be very posterior in medulla because of Hox genes,Hindbrain neurons,12,Inhibitory,In,NA,NA,NA,1,1,1,NA,NA,NA,NA,NA,NA,NA,Neurons,2855,1791,480,1120,3166
HBINH4,Neurons,"Inhibitory neurons, hindbrain",75,"GABA, Glycine (GLYT1,GLYT2)",Paragigantocellular reticular nucleus,Medulla,158,Neurons,CNS neurons,Hindbrain neurons,Hindbrain neurons,should be very posterior in medulla because of Hox genes,Hindbrain neurons,12,Inhibitory,In,NA,NA,NA,1,1,1,NA,NA,NA,NA,NA,NA,NA,Neurons,3283,2342,376,950,3559
HBINH5,Neurons,"Inhibitory neurons, hindbrain",480,"GABA, Glycine (GLYT1,GLYT2)",Gigantocellular reticular nucleus,Medulla,150,Neurons,CNS neurons,Di- and mesencephalon neurons,Di- and mesencephalon inhibitory neurons,nan,Di- and mesencephalon inhibitory neurons,13,Inhibitory,In,NA,NA,NA,1,1,1,NA,NA,NA,NA,NA,NA,NA,Neurons,6528,6671,715,2030,7152
HBINH6,Neurons,"Inhibitory neurons, hindbrain",62,"GABA, Glycine (GLYT1)",Koelliker-Fuse subnucleus,Pons,159,Neurons,CNS neurons,Hindbrain neurons,Hindbrain neurons,nan,Hindbrain neurons,12,Inhibitory,In,NA,NA,NA,1,1,NA,NA,NA,NA,NA,NA,NA,NA,Neurons,4454,4348,272,938,5026
HBINH7,Neurons,"Inhibitory neurons, hindbrain",25,"GABA, Glycine (GLYT1,GLYT2)",Superior olivary complex,Pons,169,Neurons,CNS neurons,Hindbrain neurons,Hindbrain neurons,nan,Hindbrain neurons,12,Inhibitory,In,NA,NA,NA,1,1,1,NA,NA,NA,NA,NA,NA,NA,Neurons,3043,2605,235,845,3390
HBINH8,Neurons,"Inhibitory neurons, hindbrain",11,"GABA, Glycine (GLYT1,GLYT2)",Spinal nucleus of the trigeminal,Medulla,170,Neurons,CNS neurons,Hindbrain neurons,Hindbrain neurons,nan,Hindbrain neurons,12,Inhibitory,In,NA,NA,NA,1,1,1,NA,NA,NA,NA,NA,NA,NA,Neurons,2378,2225,213,540,2862
HBINH9,Neurons,"Inhibitory neurons, hindbrain",98,"GABA, Glycine (GLYT1,GLYT2)",Paragigantocellular reticular nucleus,Medulla,106,Neurons,CNS neurons,Spinal cord neurons,Spinal cord inhibitory neurons,should be very posterior in medulla because of Hox genes,Spinal cord inhibitory neurons,16,Inhibitory,In,NA,NA,NA,1,1,1,NA,NA,NA,NA,NA,NA,NA,Neurons,3341,2421,374,1023,3710
HBNOR,Neurons,Noradrenergic neurons of the medulla,23,"Noradrenaline, Nitric oxide",A1-2 noradrenergic cell groups,Medulla,72,Neurons,CNS neurons,"Cholinergic, monoaminergic and peptidergic neurons",Cholinergic and monoaminergic neurons,nan,Cholinergic and monoaminergic neurons,18,Monoamines,NA,NA,NA,NA,NA,NA,NA,1,1,NA,NA,NA,NA,NA,Neurons,2607,2203,276,720,2983
HBSER1,Neurons,"Serotonergic neurons, hindbrain",105,"Serotonin, Glutamate (VGLUT3)","Ventral midbrain/isthmic dorsal raphe (B7), caudal linear nucleus (B8), medial lemniscus (B9), isthmic periaqueductal grey (B4?)",Pons,78,Neurons,CNS neurons,"Cholinergic, monoaminergic and peptidergic neurons",Cholinergic and monoaminergic neurons,nan,Cholinergic and monoaminergic neurons,18,Excitatory,NA,NA,NA,NA,NA,NA,NA,NA,NA,1,NA,NA,1,NA,Neurons,4408,4581,350,716,5174
HBSER2,Neurons,"Serotonergic neurons, hindbrain",109,"Serotonin, Glutamate (VGLUT3)","Nucleus raphe Pons (B5, B6)",Pons,79,Neurons,CNS neurons,"Cholinergic, monoaminergic and peptidergic neurons",Cholinergic and monoaminergic neurons,nan,Cholinergic and monoaminergic neurons,18,Excitatory,NA,NA,NA,NA,NA,NA,NA,NA,NA,1,NA,NA,1,NA,Neurons,5104,5819,315,941,6157
HBSER3,Neurons,"Serotonergic neurons, hindbrain",87,Serotonin,"Ventral midbrain, rostral pons",Pons,80,Neurons,CNS neurons,"Cholinergic, monoaminergic and peptidergic neurons",Cholinergic and monoaminergic neurons,nan,Cholinergic and monoaminergic neurons,18,Monoamines,NA,NA,NA,NA,NA,NA,NA,NA,NA,1,NA,NA,NA,NA,Neurons,4027,4108,316,677,4761
HBSER4,Neurons,"Serotonergic neurons, hindbrain",72,"Serotonin, Glutamate (VGLUT3)","Nucleus raphe medulla (pallidus, oscurus, magnus, B1-3)",Medulla,82,Neurons,CNS neurons,"Cholinergic, monoaminergic and peptidergic neurons",Cholinergic and monoaminergic neurons,nan,Cholinergic and monoaminergic neurons,18,Excitatory,NA,NA,NA,NA,NA,NA,NA,NA,NA,1,NA,NA,1,NA,Neurons,5152,5669,307,1098,6032
HBSER5,Neurons,"Serotonergic neurons, hindbrain",64,Serotonin,"Nucleus raphe pons (pallidus, oscurus, magnus, B1-3)",Pons,81,Neurons,CNS neurons,"Cholinergic, monoaminergic and peptidergic neurons",Cholinergic and monoaminergic neurons,nan,Cholinergic and monoaminergic neurons,18,Monoamines,NA,NA,NA,NA,NA,NA,NA,NA,NA,1,NA,NA,NA,NA,Neurons,4820,5392,252,867,5826
HYPEN,Ependymal,"Hypendymal cell, subcommissural organ",111,NA,Subcommissural organ,Subcommissural organ,225,Glia,CNS glia,Astroependymal cells,Subcommissural organ hypendymal cells,nan,Other CNS glia,6,Non-neuron,NA,NA,NA,NA,NA,NA,NA,NA,NA,NA,NA,NA,NA,1,Ependymal,2276,1636,1180,2048,2647
HYPEP1,Neurons,"Peptidergic neurons, hypothalamus",191,Glutamate (VGLUT2),Lateral hypothalamic area,Hypothalamus,88,Neurons,CNS neurons,"Cholinergic, monoaminergic and peptidergic neurons",Peptidergic neurons,nan,Peptidergic neurons,17,Excitatory,NA,NA,NA,NA,NA,NA,NA,NA,NA,NA,NA,1,NA,NA,Neurons,3523,2191,626,825,3800
HYPEP2,Neurons,"Peptidergic neurons, hypothalamus",43,Nitric oxide,Paraventricular hypothalamic nucleus,Hypothalamus,89,Neurons,CNS neurons,"Cholinergic, monoaminergic and peptidergic neurons",Peptidergic neurons,nan,Peptidergic neurons,17,Nitric oxide,NA,NA,NA,NA,NA,NA,NA,1,NA,NA,NA,NA,NA,NA,Neurons,1892,1092,400,714,2115
HYPEP3,Neurons,"Peptidergic neurons, hypothalamus",152,"Glutamate (VGLUT2), Nitric oxide",Ventromedial hypothalamic nucleus,Hypothalamus,87,Neurons,CNS neurons,"Cholinergic, monoaminergic and peptidergic neurons",Peptidergic neurons,should be split to Th/GABA and Glut,Peptidergic neurons,17,Excitatory,NA,NA,NA,NA,NA,NA,NA,1,NA,NA,NA,1,NA,NA,Neurons,3546,2270,440,578,3805
HYPEP4,Neurons,"Oxytocin-producing cells, hypothalamus",98,Nitric oxide,Dorsomedial nucleus of the hypothalamus. magnocellular neurosecretory cells.,Hypothalamus,95,Neurons,CNS neurons,"Cholinergic, monoaminergic and peptidergic neurons",Peptidergic neurons,nan,Peptidergic neurons,17,Nitric oxide,NA,NA,NA,NA,NA,NA,NA,1,NA,NA,NA,NA,NA,NA,Neurons,2120,1426,401,575,2427
HYPEP5,Neurons,"Vasopressin-producing cells, hypothalamus",173,Glutamate (VGLUT2),Paraventricular hypothalamic nucleus magnocellular division and/or Diagonal band nucleus,Hypothalamus,94,Neurons,CNS neurons,"Cholinergic, monoaminergic and peptidergic neurons",Peptidergic neurons,nan,Peptidergic neurons,17,Excitatory,NA,NA,NA,NA,NA,NA,NA,NA,NA,NA,NA,1,NA,NA,Neurons,2464,1754,610,803,2804
HYPEP6,Neurons,"Orexin-producing neurons, hypothalamus",32,Nitric oxide,Dorsomedial nucleus of the hypothalamus,Hypothalamus,74,Neurons,CNS neurons,"Cholinergic, monoaminergic and peptidergic neurons",Cholinergic and monoaminergic neurons,nan,Cholinergic and monoaminergic neurons,18,Nitric oxide,NA,NA,NA,NA,NA,NA,NA,1,NA,NA,NA,NA,NA,NA,Neurons,2641,2408,302,625,3134
HYPEP7,Neurons,"Pmch neurons, hypothalamus",13,Glutamate (VGLUT2),Lateral hypothalamic area,Hypothalamus,73,Neurons,CNS neurons,"Cholinergic, monoaminergic and peptidergic neurons",Cholinergic and monoaminergic neurons,nan,Cholinergic and monoaminergic neurons,18,Excitatory,NA,NA,NA,NA,NA,NA,NA,NA,NA,NA,NA,1,NA,NA,Neurons,1159,1154,303,596,1615
HYPEP8,Neurons,"Peptidergic neurons, hypothalamus",15,Glutamate (VGLUT2),Anteroventral periventricular continue along midline to Medial septal nucleus,Hypothalamus,96,Neurons,CNS neurons,"Cholinergic, monoaminergic and peptidergic neurons",Peptidergic neurons,nan,Peptidergic neurons,17,Excitatory,NA,NA,NA,NA,NA,NA,NA,NA,NA,NA,NA,1,NA,NA,Neurons,1311,970,476,782,1594
MBCHO1,Neurons,"Cholinergic neurons, midbrain red nucleus",62,Acetylcholine,Red nucleus,Midbrain ventral,130,Neurons,CNS neurons,Di- and mesencephalon neurons,Di- and mesencephalon excitatory neurons,"Low Chat,Slc5a7 (but see https://www.ncbi.nlm.nih.gov/pubmed/3708316)",Di- and mesencephalon excitatory neurons,14,Acetylcholine,NA,1,NA,NA,NA,NA,NA,NA,NA,NA,NA,NA,NA,NA,Neurons,3669,3755,323,778,4381
MBDOP1,Neurons,"Dopaminergic neurons, periaqueductal grey",57,Dopamine,"Ventral midbrain, periaqueductal grey",Midbrain ventral,76,Neurons,CNS neurons,"Cholinergic, monoaminergic and peptidergic neurons",Cholinergic and monoaminergic neurons,"Th but very low Slc6a3, neither VGLUT1,2 or 3; no Gad1 or Gad2",Cholinergic and monoaminergic neurons,18,Monoamines,NA,NA,NA,1,NA,NA,NA,NA,NA,NA,NA,NA,NA,NA,Neurons,1937,1211,469,751,2177
MBDOP2,Neurons,"Dopaminergic neurons, ventral midbrain (SNc, VTA)",63,Dopamine,Ventral tegmental area and subtantia nigra,Midbrain ventral,77,Neurons,CNS neurons,"Cholinergic, monoaminergic and peptidergic neurons",Cholinergic and monoaminergic neurons,nan,Cholinergic and monoaminergic neurons,18,Monoamines,NA,NA,NA,1,NA,NA,NA,NA,NA,NA,NA,NA,NA,NA,Neurons,3309,2614,336,628,3680
MEGLU1,Neurons,"Excitatory neurons, midbrain",263,Glutamate (VGLUT1),"Superior colliculus, red nucleus",Midbrain dorsal,124,Neurons,CNS neurons,Di- and mesencephalon neurons,Di- and mesencephalon excitatory neurons,Should split in two clusters(other side has Cbln1),Di- and mesencephalon excitatory neurons,14,Excitatory,Ex,NA,NA,NA,NA,NA,NA,NA,NA,NA,1,NA,NA,NA,Neurons,5567,5057,492,1103,6048
MEGLU10,Neurons,"Excitatory neurons, midbrain",419,"Glutamate (VGLUT1), Nitric oxide",Inferior colliculus,Midbrain dorsal,128,Neurons,CNS neurons,Di- and mesencephalon neurons,Di- and mesencephalon excitatory neurons,Poor markers,Di- and mesencephalon excitatory neurons,14,Excitatory,Ex,NA,NA,NA,NA,NA,NA,1,NA,NA,1,NA,NA,NA,Neurons,5213,4147,659,895,5656
MEGLU11,Neurons,"Excitatory neurons, midbrain",249,Glutamate (VGLUT1),Inferior colliculus,Midbrain dorsal,129,Neurons,CNS neurons,Di- and mesencephalon neurons,Di- and mesencephalon excitatory neurons,nan,Di- and mesencephalon excitatory neurons,14,Excitatory,Ex,NA,NA,NA,NA,NA,NA,NA,NA,NA,1,NA,NA,NA,Neurons,5164,4410,557,848,5621
MEGLU14,Neurons,Glutamatergic projection neurons of the raphe nucleus,47,Glutamate (VGLUT3),Dorsal raphe nucleus,Midbrain dorsal,75,Neurons,CNS neurons,"Cholinergic, monoaminergic and peptidergic neurons",Cholinergic and monoaminergic neurons,https://www.ncbi.nlm.nih.gov/pubmed/18925658,Cholinergic and monoaminergic neurons,18,Excitatory,NA,NA,NA,NA,NA,NA,NA,NA,NA,NA,NA,NA,1,NA,Neurons,3131,2723,289,567,3558
MEGLU2,Neurons,"Excitatory neurons, midbrain",336,Glutamate (VGLUT1),Periaqueductal grey,Midbrain dorsal,121,Neurons,CNS neurons,Di- and mesencephalon neurons,Di- and mesencephalon excitatory neurons,nan,Di- and mesencephalon excitatory neurons,14,Excitatory,Ex,NA,NA,NA,NA,NA,NA,NA,NA,NA,1,NA,NA,NA,Neurons,5322,4521,606,904,5719
MEGLU3,Neurons,"Excitatory neurons, midbrain",137,Glutamate (VGLUT1),Periaqueductal grey,Midbrain dorsal,122,Neurons,CNS neurons,Di- and mesencephalon neurons,Di- and mesencephalon excitatory neurons,nan,Di- and mesencephalon excitatory neurons,14,Excitatory,Ex,NA,NA,NA,NA,NA,NA,NA,NA,NA,1,NA,NA,NA,Neurons,3907,2637,297,486,4153
MEGLU4,Neurons,"Excitatory neurons, midbrain",136,"Glutamate (VGLUT1), Nitric oxide","Superior colliculus, sensory related",Midbrain dorsal,133,Neurons,CNS neurons,Di- and mesencephalon neurons,Di- and mesencephalon excitatory neurons,nan,Di- and mesencephalon excitatory neurons,14,Excitatory,Ex,NA,NA,NA,NA,NA,NA,1,NA,NA,1,NA,NA,NA,Neurons,3746,2420,578,890,4026
MEGLU5,Neurons,"Excitatory neurons, midbrain",281,Glutamate (VGLUT1),"Superior colliculus, sensory related",Midbrain dorsal,132,Neurons,CNS neurons,Di- and mesencephalon neurons,Di- and mesencephalon excitatory neurons,nan,Di- and mesencephalon excitatory neurons,14,Excitatory,Ex,NA,NA,NA,NA,NA,NA,NA,NA,NA,1,NA,NA,NA,Neurons,4872,3931,684,1006,5212
MEGLU6,Neurons,"Excitatory neurons, midbrain",143,Glutamate (VGLUT1),"Superior colliculus, sensory related, deep layer",Midbrain dorsal,131,Neurons,CNS neurons,Di- and mesencephalon neurons,Di- and mesencephalon excitatory neurons,nan,Di- and mesencephalon excitatory neurons,14,Excitatory,Ex,NA,NA,NA,NA,NA,NA,NA,NA,NA,1,NA,NA,NA,Neurons,5233,5034,440,801,5802
MEGLU7,Neurons,"Excitatory neurons, midbrain",138,Glutamate (VGLUT1),Inferior colliculus,Midbrain dorsal,125,Neurons,CNS neurons,Di- and mesencephalon neurons,Di- and mesencephalon excitatory neurons,Poor markers,Di- and mesencephalon excitatory neurons,14,Excitatory,Ex,NA,NA,NA,NA,NA,NA,NA,NA,NA,1,NA,NA,NA,Neurons,3740,2324,538,993,3937
MEGLU8,Neurons,"Excitatory neurons, midbrain",305,"Glutamate (VGLUT1), Nitric oxide",Inferior colliculus,Midbrain dorsal,126,Neurons,CNS neurons,Di- and mesencephalon neurons,Di- and mesencephalon excitatory neurons,Poor markers,Di- and mesencephalon excitatory neurons,14,Excitatory,Ex,NA,NA,NA,NA,NA,NA,1,NA,NA,1,NA,NA,NA,Neurons,4098,2834,687,969,4527
MEGLU9,Neurons,"Excitatory neurons, midbrain",243,"Glutamate (VGLUT1), Nitric oxide",Mantle of inferior colliculus,Midbrain dorsal,127,Neurons,CNS neurons,Di- and mesencephalon neurons,Di- and mesencephalon excitatory neurons,nan,Di- and mesencephalon excitatory neurons,14,Excitatory,Ex,NA,NA,NA,NA,NA,NA,1,NA,NA,1,NA,NA,NA,Neurons,4355,3333,614,915,4749
MEINH1,Neurons,"Inhibitory neurons, midbrain",43,"GABA, Nitric oxide","VTA, Substantia nigra, central nucleus raphe",Midbrain ventral,173,Neurons,CNS neurons,Cerebellum neurons,Cerebellum neurons,nan,Hindbrain neurons,12,Inhibitory,In,NA,NA,NA,1,NA,NA,1,NA,NA,NA,NA,NA,NA,Neurons,1055,505,765,1007,1380
MEINH10,Neurons,"Inhibitory neurons, midbrain",792,"GABA, Nitric oxide",Superior colliculus superficial grey layer,Midbrain dorsal,143,Neurons,CNS neurons,Di- and mesencephalon neurons,Di- and mesencephalon inhibitory neurons,nan,Di- and mesencephalon inhibitory neurons,13,Inhibitory,In,NA,NA,NA,1,NA,NA,1,NA,NA,NA,NA,NA,NA,Neurons,5827,4901,981,1229,6253
MEINH11,Neurons,"Inhibitory neurons, midbrain",101,"GABA, Nitric oxide",Superior colliculus superficial gray layer,Midbrain dorsal,142,Neurons,CNS neurons,Di- and mesencephalon neurons,Di- and mesencephalon inhibitory neurons,nan,Di- and mesencephalon inhibitory neurons,13,Inhibitory,In,NA,NA,NA,1,NA,NA,1,NA,NA,NA,NA,NA,NA,Neurons,2396,967,485,549,2595
MEINH12,Neurons,"Inhibitory neurons, midbrain",49,GABA,Superior colliculus,Midbrain dorsal,141,Neurons,CNS neurons,Di- and mesencephalon neurons,Di- and mesencephalon inhibitory neurons,No good stainings in ABA,Di- and mesencephalon inhibitory neurons,13,Inhibitory,In,NA,NA,NA,1,NA,NA,NA,NA,NA,NA,NA,NA,NA,Neurons,2599,1296,324,529,2788
MEINH13,Neurons,"Inhibitory neurons, midbrain",70,GABA,"Ventral/caudal midbrain (SN, VTA, reticular nucleus)",Midbrain ventral,154,Neurons,CNS neurons,Di- and mesencephalon neurons,Di- and mesencephalon inhibitory neurons,nan,Di- and mesencephalon inhibitory neurons,13,Inhibitory,In,NA,NA,NA,1,NA,NA,NA,NA,NA,NA,NA,NA,NA,Neurons,3855,3143,272,678,4220
MEINH14,Neurons,"Inhibitory neurons, midbrain",21,GABA,"Midbrain reticular nucleus, Darkschewitz nucleus,",Midbrain ventral,90,Neurons,CNS neurons,"Cholinergic, monoaminergic and peptidergic neurons",Peptidergic neurons,nan,Peptidergic neurons,17,Inhibitory,In,NA,NA,NA,1,NA,NA,NA,NA,NA,NA,NA,NA,NA,Neurons,1413,686,368,488,1584
MEINH2,Neurons,"Inhibitory neurons, midbrain",461,GABA,Midbrain,"Midbrain dorsal,Midbrain ventral",151,Neurons,CNS neurons,Di- and mesencephalon neurons,Di- and mesencephalon inhibitory neurons,Magnocellular because they are huge,Di- and mesencephalon inhibitory neurons,13,Inhibitory,In,NA,NA,NA,1,NA,NA,NA,NA,NA,NA,NA,NA,NA,Neurons,6012,5417,595,1057,6383
MEINH3,Neurons,"Inhibitory neurons, midbrain",258,GABA,"Dorsal midbrain, medial geniculate nucleus, anteroventral midbrain",Midbrain dorsal,149,Neurons,CNS neurons,Di- and mesencephalon neurons,Di- and mesencephalon inhibitory neurons,nan,Di- and mesencephalon inhibitory neurons,13,Inhibitory,In,NA,NA,NA,1,NA,NA,NA,NA,NA,NA,NA,NA,NA,Neurons,5368,4888,469,932,5822
MEINH4,Neurons,"Inhibitory neurons, midbrain",162,"GABA, Nitric oxide",Anterior pretectal nucleus,Midbrain dorsal,148,Neurons,CNS neurons,Di- and mesencephalon neurons,Di- and mesencephalon inhibitory neurons,nan,Di- and mesencephalon inhibitory neurons,13,Inhibitory,In,NA,NA,NA,1,NA,NA,1,NA,NA,NA,NA,NA,NA,Neurons,4286,3281,384,572,4651
MEINH5,Neurons,"Inhibitory neurons, midbrain",154,GABA,Superior colliculus (sparse),Midbrain dorsal,145,Neurons,CNS neurons,Di- and mesencephalon neurons,Di- and mesencephalon inhibitory neurons,nan,Di- and mesencephalon inhibitory neurons,13,Inhibitory,In,NA,NA,NA,1,NA,NA,NA,NA,NA,NA,NA,NA,NA,Neurons,3487,2082,558,895,3748
MEINH6,Neurons,"Inhibitory neurons, midbrain",47,GABA,Superior colliculus,Midbrain dorsal,146,Neurons,CNS neurons,Di- and mesencephalon neurons,Di- and mesencephalon inhibitory neurons,nan,Di- and mesencephalon inhibitory neurons,13,Inhibitory,In,NA,NA,NA,1,NA,NA,NA,NA,NA,NA,NA,NA,NA,Neurons,3109,2084,351,732,3403
MEINH7,Neurons,"Inhibitory neurons, midbrain",69,GABA,Superior colliculus,Midbrain dorsal,147,Neurons,CNS neurons,Di- and mesencephalon neurons,Di- and mesencephalon inhibitory neurons,nan,Di- and mesencephalon inhibitory neurons,13,Inhibitory,In,NA,NA,NA,1,NA,NA,NA,NA,NA,NA,NA,NA,NA,Neurons,2772,1695,380,797,2975
MEINH8,Neurons,"Inhibitory neurons, midbrain",71,GABA,"Superior colliculus superficial grey layer; Erdinger-Westphal nucleus, periaqueductal grey, nucleus of the optic tract",Midbrain dorsal,155,Neurons,CNS neurons,Di- and mesencephalon neurons,Di- and mesencephalon inhibitory neurons,Mixed cluster should be split in two,Di- and mesencephalon inhibitory neurons,13,Inhibitory,In,NA,NA,NA,1,NA,NA,NA,NA,NA,NA,NA,NA,NA,Neurons,2056,1160,430,829,2319
MEINH9,Neurons,"Inhibitory neurons, midbrain",400,GABA,Dorsal midbrain scattered,Midbrain dorsal,144,Neurons,CNS neurons,Di- and mesencephalon neurons,Di- and mesencephalon inhibitory neurons,nan,Di- and mesencephalon inhibitory neurons,13,Inhibitory,In,NA,NA,NA,1,NA,NA,NA,NA,NA,NA,NA,NA,NA,Neurons,4019,2517,892,1173,4408
MFOL1,Oligos,Myelin forming oligodendrocytes (MFOL),3684,NA,Pons/medulla (possible batch effect),CNS,220,Glia,CNS glia,Oligodendrocytes,Oligodendrocytes,Possible batch effect,Oligodendrocytes,7,Non-neuron,NA,NA,NA,NA,NA,NA,NA,NA,NA,NA,NA,NA,NA,1,Oligos,3275,3210,2737,3203,4398
MFOL2,Oligos,Myelin forming oligodendrocytes (MFOL),2415,NA,CNS,CNS,219,Glia,CNS glia,Oligodendrocytes,Oligodendrocytes,nan,Oligodendrocytes,7,Non-neuron,NA,NA,NA,NA,NA,NA,NA,NA,NA,NA,NA,NA,NA,1,Oligos,3120,2996,2357,2523,4020
MGL1,Immune,Microglia,2270,NA,CNS,CNS,265,Immune cells,Immune cells,Immune cells,Microglia,nan,Immune/Microglia,1,Non-neuron,NA,NA,NA,NA,NA,NA,NA,NA,NA,NA,NA,NA,NA,1,Immune,1689,1264,2721,2595,3163
MGL2,Immune,"Microglia, activated",1820,NA,CNS,CNS,264,Immune cells,Immune cells,Immune cells,Microglia,nan,Immune/Microglia,1,Non-neuron,NA,NA,NA,NA,NA,NA,NA,NA,NA,NA,NA,NA,NA,1,Immune,1872,1431,2681,2585,3139
MGL3,Immune,"Microglia, activated",1335,NA,CNS,CNS,263,Immune cells,Immune cells,Immune cells,Microglia,nan,Immune/Microglia,1,Non-neuron,NA,NA,NA,NA,NA,NA,NA,NA,NA,NA,NA,NA,NA,1,Immune,1981,1604,2605,2565,3139
MOL1,Oligos,Mature oligodendrocytes,8715,NA,CNS,CNS,221,Glia,CNS glia,Oligodendrocytes,Oligodendrocytes,nan,Oligodendrocytes,7,Non-neuron,NA,NA,NA,NA,NA,NA,NA,NA,NA,NA,NA,NA,NA,1,Oligos,2402,2326,1904,2485,3538
MOL2,Oligos,"Mature oligodendrocytes, hindbrain",10011,NA,Pons/medulla (possible batch effect),CNS,222,Glia,CNS glia,Oligodendrocytes,Oligodendrocytes,Possible batch effect,Oligodendrocytes,7,Non-neuron,NA,NA,NA,NA,NA,NA,NA,NA,NA,NA,NA,NA,NA,1,Oligos,2807,2915,1952,2776,3928
MOL3,Oligos,"Mature oligodendrocytes, spinal cord enriched (high Klk6)",1849,NA,Spinal cord-enriched,CNS,223,Glia,CNS glia,Oligodendrocytes,Oligodendrocytes,nan,Oligodendrocytes,7,Non-neuron,NA,NA,NA,NA,NA,NA,NA,NA,NA,NA,NA,NA,NA,1,Oligos,3065,3176,2402,2270,4012
MSN1,Neurons,"D1 medium spiny neurons, striatum",869,GABA,Striatum dorsal,Striatum dorsal,27,Neurons,CNS neurons,Telencephalon projecting neurons,Telencephalon projecting inhibitory neurons,nan,Telencephalon projecting inhibitory neurons,23,Inhibitory,NA,NA,NA,NA,1,NA,NA,NA,NA,NA,NA,NA,NA,NA,Neurons,4943,4162,1680,1967,5420
MSN2,Neurons,"D2 medium spiny neurons, striatum",1094,GABA,Striatum dorsal,Striatum dorsal,28,Neurons,CNS neurons,Telencephalon projecting neurons,Telencephalon projecting inhibitory neurons,nan,Telencephalon projecting inhibitory neurons,23,Inhibitory,NA,NA,NA,NA,1,NA,NA,NA,NA,NA,NA,NA,NA,NA,Neurons,4359,3143,1777,1861,4842
MSN3,Neurons,"D2 medium spiny neurons, striatum",1247,GABA,Striatum ventral,Striatum ventral,29,Neurons,CNS neurons,Telencephalon projecting neurons,Telencephalon projecting inhibitory neurons,nan,Telencephalon projecting inhibitory neurons,23,Inhibitory,NA,NA,NA,NA,1,NA,NA,NA,NA,NA,NA,NA,NA,NA,Neurons,3960,2443,1573,1737,4576
MSN4,Neurons,"D1 medium spiny neurons, striatum",1584,GABA,Striatum ventral,Striatum ventral,30,Neurons,CNS neurons,Telencephalon projecting neurons,Telencephalon projecting inhibitory neurons,nan,Telencephalon projecting inhibitory neurons,23,Inhibitory,NA,NA,NA,NA,1,NA,NA,NA,NA,NA,NA,NA,NA,NA,Neurons,4522,3044,1559,1788,5133
MSN5,Neurons,"Patch D1/D2 neurons, striatum",372,GABA,Striatum ventral,Striatum ventral,31,Neurons,CNS neurons,Telencephalon projecting neurons,Telencephalon projecting inhibitory neurons,nan,Telencephalon projecting inhibitory neurons,23,Inhibitory,NA,NA,NA,NA,1,NA,NA,NA,NA,NA,NA,NA,NA,NA,Neurons,2962,1666,1077,1321,3327
MSN6,Neurons,"Matrix D1 neurons, striatum",525,GABA,Striatum ventral,Striatum ventral,32,Neurons,CNS neurons,Telencephalon projecting neurons,Telencephalon projecting inhibitory neurons,"contain markers similar to RGL, might be involve in neurogenesis",Telencephalon projecting inhibitory neurons,23,Inhibitory,NA,NA,NA,NA,1,NA,NA,NA,NA,NA,NA,NA,NA,NA,Neurons,1392,669,1238,1203,2001
NFOL1,Oligos,Newly formed oligodendrocytes (NFOL),1612,NA,CNS,CNS,218,Glia,CNS glia,Oligodendrocytes,Oligodendrocytes,nan,Oligodendrocytes,7,Non-neuron,NA,NA,NA,NA,NA,NA,NA,NA,NA,NA,NA,NA,NA,1,Oligos,3406,2969,2264,2331,4131
NFOL2,Oligos,"Newly formed oligodendrocytes (NFOL), pons/medulla specific",181,NA,Pons/medulla (possible batch effect),CNS,217,Glia,CNS glia,Oligodendrocytes,Oligodendrocytes,Possible batch effect,Oligodendrocytes,7,Non-neuron,NA,NA,NA,NA,NA,NA,NA,NA,NA,NA,NA,NA,NA,1,Oligos,2631,2177,1518,1984,2999
OBDOP1,Neurons,"Dopaminergic periglomerular interneuron, olfactory bulb",371,"GABA,Dopamine","Olfactory bulb, periglomerular layer",Olfactory bulb,45,Neurons,CNS neurons,Telencephalon interneurons,Olfactory inhibitory neurons,http://www.sciencedirect.com/science/article/pii/0306452295005676,Olfactory inhibitory neurons,20,Inhibitory,NA,NA,NA,1,1,NA,NA,NA,NA,NA,NA,NA,NA,NA,Neurons,2190,1160,954,1005,2597
OBDOP2,Neurons,"Dopaminergic neurons, olfactory nulb",281,"GABA,Dopamine",Olfactory bulb,Olfactory bulb,39,Neurons,CNS neurons,Telencephalon interneurons,Olfactory inhibitory neurons,Confusing stainings in Allen,Olfactory inhibitory neurons,20,Inhibitory,NA,NA,NA,1,1,NA,NA,NA,NA,NA,NA,NA,NA,NA,Neurons,1517,775,1246,1340,2079
OBINH1,Neurons,"Inhibitory neurons, olfactory bulb",353,GABA,Main and accessory olfactory bulb granular layer,Olfactory bulb,38,Neurons,CNS neurons,Telencephalon interneurons,Olfactory inhibitory neurons,nan,Olfactory inhibitory neurons,20,Inhibitory,In,NA,NA,NA,1,NA,NA,NA,NA,NA,NA,NA,NA,NA,Neurons,1846,814,1132,1095,2311
OBINH2,Neurons,"Inner horizontal cell, olfactory bulb",1800,GABA,"Olfactory bulb, mitral cell layer",Olfactory bulb,40,Neurons,CNS neurons,Telencephalon interneurons,Olfactory inhibitory neurons,nan,Olfactory inhibitory neurons,20,Inhibitory,NA,NA,NA,NA,1,NA,NA,NA,NA,NA,NA,NA,NA,NA,Neurons,2329,1341,2024,1943,3190
OBINH3,Neurons,"Inhibitory neurons, olfactory bulb",786,GABA,Accessory olfactory bulb granular layer,Olfactory bulb,41,Neurons,CNS neurons,Telencephalon interneurons,Olfactory inhibitory neurons,nan,Olfactory inhibitory neurons,20,Inhibitory,In,NA,NA,NA,1,NA,NA,NA,NA,NA,NA,NA,NA,NA,Neurons,1629,855,1657,1539,2388
OBINH4,Neurons,"Inhibitory neurons, olfactory bulb",465,GABA,"Olfactory bulb, inner granular layer",Olfactory bulb,42,Neurons,CNS neurons,Telencephalon interneurons,Olfactory inhibitory neurons,nan,Olfactory inhibitory neurons,20,Inhibitory,In,NA,NA,NA,1,NA,NA,NA,NA,NA,NA,NA,NA,NA,Neurons,1326,609,1475,1386,2051
OBINH5,Neurons,"External plexiform layer interneuron, olfactory bulb",56,GABA,"Olfactory bulb, outer plexiform layer",Olfactory bulb,46,Neurons,CNS neurons,Telencephalon interneurons,Olfactory inhibitory neurons,Likely van Gehuchten cells,Olfactory inhibitory neurons,20,Inhibitory,NA,NA,NA,NA,1,NA,NA,NA,NA,NA,NA,NA,NA,NA,Neurons,1770,954,544,822,1960
OBNBL1,Neurons,"Neuroblasts, olfactory",139,Glutamate (VGLUT1),"Main olfactory bulb mitral layer, Main olfactory bulb outer plexiform layer",Olfactory bulb,180,Neurons,CNS neurons,Immature neural,Glutamatergic neuroblasts,nan,Neuroblasts,21,Excitatory,NA,NA,NA,NA,NA,NA,NA,NA,NA,NA,1,NA,NA,NA,Neurons,3166,2259,588,942,3554
OBNBL2,Neurons,"Neuroblasts, olfactory bulb",225,Glutamate (VGLUT2),"Main olfactory bulb mitral layer, Main olfactory bulb outer plexiform layer",Olfactory bulb,181,Neurons,CNS neurons,Immature neural,Glutamatergic neuroblasts,nan,Neuroblasts,21,Excitatory,NA,NA,NA,NA,NA,NA,NA,NA,NA,NA,NA,1,NA,NA,Neurons,2673,1374,811,922,2955
OBNBL3,Neurons,"Neuroblasts, olfactory bulb",2240,GABA,Olfactory bulb,Olfactory bulb,37,Neurons,CNS neurons,Immature neural,Non-glutamatergic neuroblasts,nan,Neuroblasts,21,Inhibitory,NA,NA,NA,NA,1,NA,NA,NA,NA,NA,NA,NA,NA,NA,Neurons,1720,904,2289,2167,2995
OBNBL4,Neurons,"Inhibitory neurons, olfactory bulb",208,GABA,"Main olfactory bulb, glomerular layer",Olfactory bulb,43,Neurons,CNS neurons,Telencephalon interneurons,Olfactory inhibitory neurons,nan,Olfactory inhibitory neurons,20,Inhibitory,In,NA,NA,NA,1,NA,NA,NA,NA,NA,NA,NA,NA,NA,Neurons,838,402,1141,1000,1455
OBNBL5,Neurons,"Inhibitory neurons, olfactory bulb",871,GABA,"Main olfactory bulb, glomerular layer and Accessory olfactory bulb, granular layer",Olfactory bulb,44,Neurons,CNS neurons,Telencephalon interneurons,Olfactory inhibitory neurons,nan,Olfactory inhibitory neurons,20,Inhibitory,In,NA,NA,NA,1,NA,NA,NA,NA,NA,NA,NA,NA,NA,Neurons,1283,583,1594,1318,2116
OEC,Astrocytes,Olfactory ensheathing cells,2031,NA,Olfactory bulb,Olfactory bulb,238,Glia,Neural crest-like glia,Neural crest-like glia,Olfactory ensheathing cells,nan,Other glia,4,Non-neuron,NA,NA,NA,NA,NA,NA,NA,NA,NA,NA,NA,NA,NA,1,Astrocytes,1984,1497,2556,2716,3456
OPC,Oligos,Oligodendrocytes precursor cells,820,NA,CNS,CNS,239,Glia,Neural crest-like glia,Neural crest-like glia,Oligodendrocyte precursor cells,nan,Oligodendrocytes,7,Non-neuron,NA,NA,NA,NA,NA,NA,NA,NA,NA,NA,NA,NA,NA,1,Oligos,3596,2127,1719,2616,4235
PER1,Vascular,Pericytes,4725,NA,CNS,CNS,257,Vascular cells,Vascular cells,Vascular cells,Pericytes,merge with 5,Vascular,2,Non-neuron,NA,NA,NA,NA,NA,NA,NA,NA,NA,NA,NA,NA,NA,1,Vascular,4429,3830,2320,3247,5255
PER2,Vascular,"Pericytes, possibly mixed with VENC",488,NA,CNS,CNS,258,Vascular cells,Vascular cells,Vascular cells,Pericytes,nan,Vascular,2,Non-neuron,NA,NA,NA,NA,NA,NA,NA,NA,NA,NA,NA,NA,NA,1,Vascular,4296,4012,1907,2651,4885
PER3,Vascular,Pericytes,298,NA,CNS,CNS,255,Vascular cells,Vascular cells,Vascular cells,Vascular smooth muscle cells,merge with 5,Vascular,2,Non-neuron,NA,NA,NA,NA,NA,NA,NA,NA,NA,NA,NA,NA,NA,1,Vascular,1541,1002,1615,1994,2327
PSNF1,Neurons,"Neurofilament (NF1), DRG",38,"Glutamate (VGLUT1,VGLUT2)",Dorsal root ganglion,Dorsal root ganglion,208,Neurons,PNS neurons,Peripheral sensory neurons,Peripheral sensory neurofilament neurons,nan,Peripheral sensory neurons,8,Excitatory,NA,NA,NA,NA,NA,NA,NA,NA,NA,NA,1,1,NA,NA,Neurons,3625,3901,387,1073,4379
PSNF2,Neurons,"Neurofilament (NF4/5), DRG",57,"Glutamate (VGLUT1,VGLUT2)",Dorsal root ganglion,Dorsal root ganglion,207,Neurons,PNS neurons,Peripheral sensory neurons,Peripheral sensory neurofilament neurons,nan,Peripheral sensory neurons,8,Excitatory,NA,NA,NA,NA,NA,NA,NA,NA,NA,NA,1,1,NA,NA,Neurons,3482,3792,458,1101,4346
PSNF3,Neurons,"Neurofilament (NF2/3), DRG",31,"Glutamate (VGLUT1,VGLUT2)",Dorsal root ganglion,Dorsal root ganglion,206,Neurons,PNS neurons,Peripheral sensory neurons,Peripheral sensory neurofilament neurons,nan,Peripheral sensory neurons,8,Excitatory,NA,NA,NA,NA,NA,NA,NA,NA,NA,NA,1,1,NA,NA,Neurons,3337,3771,351,1060,4282
PSNP1,Neurons,"Non-peptidergic (TH), DRG",282,"Glutamate (VGLUT2,VGLUT3)",Dorsal root ganglion,Dorsal root ganglion,209,Neurons,PNS neurons,Peripheral sensory neurons,Peripheral sensory non-peptidergic neurons,nan,Peripheral sensory neurons,8,Excitatory,NA,NA,NA,NA,NA,NA,NA,NA,NA,NA,NA,1,1,NA,Neurons,5174,6045,1023,1598,6286
PSNP2,Neurons,"Non-peptidergic (NP1.1), DRG",72,Glutamate (VGLUT2),Dorsal root ganglion,Dorsal root ganglion,210,Neurons,PNS neurons,Peripheral sensory neurons,Peripheral sensory non-peptidergic neurons,nan,Peripheral sensory neurons,8,Excitatory,NA,NA,NA,NA,NA,NA,NA,NA,NA,NA,NA,1,NA,NA,Neurons,3770,4583,592,1234,4960
PSNP3,Neurons,"Non-peptidergic (NP1.2), DRG",270,Glutamate (VGLUT2),Dorsal root ganglion,Dorsal root ganglion,211,Neurons,PNS neurons,Peripheral sensory neurons,Peripheral sensory non-peptidergic neurons,nan,Peripheral sensory neurons,8,Excitatory,NA,NA,NA,NA,NA,NA,NA,NA,NA,NA,NA,1,NA,NA,Neurons,4957,6290,1043,1759,6504
PSNP4,Neurons,"Non-peptidergic (NP2.1), DRG",45,Glutamate (VGLUT2),Dorsal root ganglion,Dorsal root ganglion,212,Neurons,PNS neurons,Peripheral sensory neurons,Peripheral sensory non-peptidergic neurons,nan,Peripheral sensory neurons,8,Excitatory,NA,NA,NA,NA,NA,NA,NA,NA,NA,NA,NA,1,NA,NA,Neurons,3228,4191,457,982,4570
PSNP5,Neurons,"Non-peptidergic (NP2.2), DRG",88,Glutamate (VGLUT2),Dorsal root ganglion,Dorsal root ganglion,213,Neurons,PNS neurons,Peripheral sensory neurons,Peripheral sensory non-peptidergic neurons,nan,Peripheral sensory neurons,8,Excitatory,NA,NA,NA,NA,NA,NA,NA,NA,NA,NA,NA,1,NA,NA,Neurons,4137,5094,618,1419,5368
PSNP6,Neurons,"Non-peptidergic (NP3), DRG",132,Glutamate (VGLUT2),Dorsal root ganglion,Dorsal root ganglion,214,Neurons,PNS neurons,Peripheral sensory neurons,Peripheral sensory non-peptidergic neurons,nan,Peripheral sensory neurons,8,Excitatory,NA,NA,NA,NA,NA,NA,NA,NA,NA,NA,NA,1,NA,NA,Neurons,5132,6544,767,1734,6716
PSPEP1,Neurons,"Peptidergicv (PEP2), DRG",78,"Glutamate (VGLUT2), Nitric oxide",Dorsal root ganglion,Dorsal root ganglion,205,Neurons,PNS neurons,Peripheral sensory neurons,Peripheral sensory peptidergic neurons,nan,Peripheral sensory neurons,8,Excitatory,NA,NA,NA,NA,NA,NA,NA,1,NA,NA,NA,1,NA,NA,Neurons,3844,4026,485,1020,4674
PSPEP2,Neurons,"Peptidergic (PEP1.3), DRG",102,"Glutamate (VGLUT2),Acetylcholine, Nitric oxide",Dorsal root ganglion,Dorsal root ganglion,202,Neurons,PNS neurons,Peripheral sensory neurons,Peripheral sensory peptidergic neurons,Express Slc5a7 (choline transporter),Peripheral sensory neurons,8,Excitatory,NA,1,NA,NA,NA,NA,NA,1,NA,NA,NA,1,NA,NA,Neurons,4617,5189,556,1347,5566
PSPEP3,Neurons,"Peptidergic (PEP1..4), DRG",92,Glutamate (VGLUT2),Dorsal root ganglion,Dorsal root ganglion,204,Neurons,PNS neurons,Peripheral sensory neurons,Peripheral sensory peptidergic neurons,Express Slc5a7 (choline transporter),Peripheral sensory neurons,8,Excitatory,NA,NA,NA,NA,NA,NA,NA,NA,NA,NA,NA,1,NA,NA,Neurons,4358,4438,585,1213,5035
PSPEP4,Neurons,"Peptidergic (PEP1.1), DRG",117,Glutamate (VGLUT2),Dorsal root ganglion,Dorsal root ganglion,203,Neurons,PNS neurons,Peripheral sensory neurons,Peripheral sensory peptidergic neurons,nan,Peripheral sensory neurons,8,Excitatory,NA,NA,NA,NA,NA,NA,NA,NA,NA,NA,NA,1,NA,NA,Neurons,4233,3932,650,1233,4704
PSPEP5,Neurons,"Peptidergic (PEP1.2), DRG",30,Glutamate (VGLUT2),Dorsal root ganglion,Dorsal root ganglion,201,Neurons,PNS neurons,Peripheral sensory neurons,Peripheral sensory peptidergic neurons,Express Slc5a7 (choline transporter),Peripheral sensory neurons,8,Excitatory,NA,NA,NA,NA,NA,NA,NA,NA,NA,NA,NA,1,NA,NA,Neurons,2788,2209,400,845,3135
PSPEP6,Neurons,"Peptidergic (TrpM8), DRG",54,Glutamate (VGLUT2),Dorsal root ganglion,Dorsal root ganglion,200,Neurons,PNS neurons,Peripheral sensory neurons,Peripheral sensory peptidergic neurons,nan,Peripheral sensory neurons,8,Excitatory,NA,NA,NA,NA,NA,NA,NA,NA,NA,NA,NA,1,NA,NA,Neurons,2954,2465,422,838,3294
PSPEP7,Neurons,"Peptidergic (TrpM8), DRG",64,Glutamate (VGLUT2),Dorsal root ganglion,Dorsal root ganglion,199,Neurons,PNS neurons,Peripheral sensory neurons,Peripheral sensory peptidergic neurons,nan,Peripheral sensory neurons,8,Excitatory,NA,NA,NA,NA,NA,NA,NA,NA,NA,NA,NA,1,NA,NA,Neurons,3043,2381,472,993,3400
PSPEP8,Neurons,"Peptidergic (TrpM8), DRG",28,Glutamate (VGLUT2),Dorsal root ganglion,Dorsal root ganglion,198,Neurons,PNS neurons,Peripheral sensory neurons,Peripheral sensory peptidergic neurons,nan,Peripheral sensory neurons,8,Excitatory,NA,NA,NA,NA,NA,NA,NA,NA,NA,NA,NA,1,NA,NA,Neurons,3161,2993,304,772,3776
PVM1,Immune,Perivascular macrophages,1390,NA,CNS,CNS,261,Immune cells,Immune cells,Immune cells,Perivascular macrophages,nan,Immune/Microglia,1,Non-neuron,NA,NA,NA,NA,NA,NA,NA,NA,NA,NA,NA,NA,NA,1,Immune,1855,1373,2726,2765,3312
PVM2,Immune,"Perivascular macrophages, activated",639,NA,CNS,CNS,262,Immune cells,Immune cells,Immune cells,Perivascular macrophages,nan,Immune/Microglia,1,Non-neuron,NA,NA,NA,NA,NA,NA,NA,NA,NA,NA,NA,NA,NA,1,Immune,1798,1342,2271,2491,2867
RGDG,Astrocytes,Dentate gyrus radial glia-like cells,327,NA,Dentate gyrus subgranular zone,Dentate gyrus,229,Glia,CNS glia,Astroependymal cells,Dentate gyrus radial glia-like cells,nan,Other CNS glia,6,Non-neuron,NA,NA,NA,NA,NA,NA,NA,NA,NA,NA,NA,NA,NA,1,Astrocytes,1328,778,1603,1837,2220
RGSZ,Astrocytes,Subventricular zone radial glia-like cells,756,NA,"Striatum, rostral migragtory stream, olfactory bulb","Striatum dorsal,Striatum ventral",230,Glia,CNS glia,Astroependymal cells,Subventricular zone radial glia-like cells,nan,Other CNS glia,6,Non-neuron,NA,NA,NA,NA,NA,NA,NA,NA,NA,NA,NA,NA,NA,1,Astrocytes,1346,899,1999,2264,2679
SATG1,PeripheralGlia,"Satellite glia, proliferating",30,NA,Dorsal root ganglion,Dorsal root ganglion,242,Glia,Neural crest-like glia,Neural crest-like glia,Satellite glia,nan,Other glia,4,Non-neuron,NA,NA,NA,NA,NA,NA,NA,NA,NA,NA,NA,NA,NA,1,PeripheralGlia,2076,1633,696,1440,2334
SATG2,PeripheralGlia,Satellite glia,654,NA,"Dorsal root ganglion,Sympathetic ganglion","Dorsal root ganglion,Sympathetic ganglion",241,Glia,Neural crest-like glia,Neural crest-like glia,Satellite glia,nan,Other glia,4,Non-neuron,NA,NA,NA,NA,NA,NA,NA,NA,NA,NA,NA,NA,NA,1,PeripheralGlia,3015,2554,2209,2470,3742
SCGLU1,Neurons,"Excitatory neurons, spinal cord",52,Glutamate (VGLUT2),Dorsal horn lamina 4-6,Spinal cord,108,Neurons,CNS neurons,Spinal cord neurons,Spinal cord excitatory neurons,correspond to Glut14 in C1 data.,Spinal cord excitatory neurons,15,Excitatory,Ex,NA,NA,NA,NA,NA,NA,NA,NA,NA,NA,1,NA,NA,Neurons,1695,912,381,541,1979
SCGLU10,Neurons,"Excitatory neurons, spinal cord",68,Glutamate (VGLUT2),Dorsal horn lamina 2-4,Spinal cord,117,Neurons,CNS neurons,Spinal cord neurons,Spinal cord excitatory neurons,correspond to Glut1 in C1 data. Might include some Glut4.,Spinal cord excitatory neurons,15,Excitatory,Ex,NA,NA,NA,NA,NA,NA,NA,NA,NA,NA,1,NA,NA,Neurons,1652,863,523,669,1880
SCGLU2,Neurons,"Excitatory neurons, spinal cord",133,Glutamate (VGLUT2),Dorsal horn lamina 4-6,Spinal cord,109,Neurons,CNS neurons,Spinal cord neurons,Spinal cord excitatory neurons,correspond to Glut13 in C1 data.,Spinal cord excitatory neurons,15,Excitatory,Ex,NA,NA,NA,NA,NA,NA,NA,NA,NA,NA,1,NA,NA,Neurons,2624,1449,335,412,2833
SCGLU3,Neurons,"Excitatory neurons, spinal cord",62,Glutamate (VGLUT2),Dorsal horn lamina 1-3,Spinal cord,110,Neurons,CNS neurons,Spinal cord neurons,Spinal cord excitatory neurons,correspond to Glut12 in C1 data. Break to have only Cadps2>0 cells.,Spinal cord excitatory neurons,15,Excitatory,Ex,NA,NA,NA,NA,NA,NA,NA,NA,NA,NA,1,NA,NA,Neurons,2512,1651,386,687,2800
SCGLU4,Neurons,"Excitatory neurons, spinal cord",180,"Glutamate (VGLUT2), Nitric oxide",Dorsal horn lamina 2-3,Spinal cord,111,Neurons,CNS neurons,Spinal cord neurons,Spinal cord excitatory neurons,"correspond to Glut10,11 in C1 data. Lamp5 high is Glut11.",Spinal cord excitatory neurons,15,Excitatory,Ex,NA,NA,NA,NA,NA,NA,1,NA,NA,NA,1,NA,NA,Neurons,3004,1943,680,873,3272
SCGLU5,Neurons,"Excitatory neurons, spinal cord",252,Glutamate (VGLUT2),"Dorsal horn, lamina 2-3",Spinal cord,112,Neurons,CNS neurons,Spinal cord neurons,Spinal cord excitatory neurons,"correspond to Glut5,6,7 in C1 data. Mylk is Glut6 and Nmu (high) is Glut6-7.",Spinal cord excitatory neurons,15,Excitatory,Ex,NA,NA,NA,NA,NA,NA,NA,NA,NA,NA,1,NA,NA,Neurons,2793,1746,867,1002,3150
SCGLU6,Neurons,"Excitatory neurons, spinal cord",140,Glutamate (VGLUT2),Dorsal horn lamina 1-2,Spinal cord,113,Neurons,CNS neurons,Spinal cord neurons,Spinal cord excitatory neurons,"correstpond to Glut8,9 in C1 data. Npff is Glut9 and Nmur2 is Glut8.",Spinal cord excitatory neurons,15,Excitatory,Ex,NA,NA,NA,NA,NA,NA,NA,NA,NA,NA,1,NA,NA,Neurons,1857,1048,792,1045,2197
SCGLU7,Neurons,"Excitatory neurons, spinal cord",30,Glutamate (VGLUT2),Dorsal horn lamina 2-5,Spinal cord,114,Neurons,CNS neurons,Spinal cord neurons,Spinal cord excitatory neurons,correspond to subpopulation of Glut2 in C1 data.,Spinal cord excitatory neurons,15,Excitatory,Ex,NA,NA,NA,NA,NA,NA,NA,NA,NA,NA,1,NA,NA,Neurons,1100,607,536,741,1329
SCGLU8,Neurons,"Excitatory neurons, spinal cord",15,Glutamate (VGLUT2),Dorsal horn lamina 2-5,Spinal cord,115,Neurons,CNS neurons,Spinal cord neurons,Spinal cord excitatory neurons,correspond to Glut2 in C1 data.,Spinal cord excitatory neurons,15,Excitatory,Ex,NA,NA,NA,NA,NA,NA,NA,NA,NA,NA,1,NA,NA,Neurons,1385,938,347,582,1605
SCGLU9,Neurons,"Excitatory neurons, spinal cord",154,Glutamate (VGLUT2),Dorsal horn lamina 3,Spinal cord,116,Neurons,CNS neurons,Spinal cord neurons,Spinal cord excitatory neurons,correspond to Glut3 in C1 data.,Spinal cord excitatory neurons,15,Excitatory,Ex,NA,NA,NA,NA,NA,NA,NA,NA,NA,NA,1,NA,NA,Neurons,1721,888,804,859,2036
SCHW,PeripheralGlia,Schwann cells,47,NA,Dorsal root ganglion,Dorsal root ganglion,240,Glia,Neural crest-like glia,Neural crest-like glia,Schwann cells,"Probably making myelin, Pllp,Utg8a",Other glia,4,Non-neuron,NA,NA,NA,NA,NA,NA,NA,NA,NA,NA,NA,NA,NA,1,PeripheralGlia,1713,1166,868,1206,1997
SCINH1,Neurons,"Inhibitory neurons, spinal cord",18,"GABA, Glycine (GLYT2)","Dorsal horn, lamina 2-3,6",Spinal cord,171,Neurons,CNS neurons,Hindbrain neurons,Hindbrain neurons,"correspond to Gaba14,15 in C1 data.",Hindbrain neurons,12,Inhibitory,In,NA,NA,NA,1,NA,1,NA,NA,NA,NA,NA,NA,NA,Neurons,2101,1422,280,514,2343
SCINH10,Neurons,"Inhibitory neurons, spinal cord",65,"GABA, Glycine (GLYT2), Nitric oxide","Dorsal horn, lamina 2-6",Spinal cord,98,Neurons,CNS neurons,Spinal cord neurons,Spinal cord inhibitory neurons,correspond to Gaba2 in C1 data.,Spinal cord inhibitory neurons,16,Inhibitory,In,NA,NA,NA,1,NA,1,1,NA,NA,NA,NA,NA,NA,Neurons,2198,1145,352,488,2377
SCINH11,Neurons,"Central canal neurons, spinal cord",50,GABA,Spinal Cord central canal,Spinal cord,97,Neurons,CNS neurons,"Cholinergic, monoaminergic and peptidergic neurons",Peptidergic neurons,nan,Peptidergic neurons,17,Inhibitory,NA,NA,NA,NA,1,NA,NA,NA,NA,NA,NA,NA,NA,NA,Neurons,1863,1162,488,754,2078
SCINH2,Neurons,"Inhibitory neurons, spinal cord",117,"GABA, Glycine (GLYT2)","Dorsal horn, lamina 2-6",Spinal cord,107,Neurons,CNS neurons,Spinal cord neurons,Spinal cord inhibitory neurons,correspond to Gaba13 (most similar but not sure since Cplx1 negative) in C1 data.,Spinal cord inhibitory neurons,16,Inhibitory,In,NA,NA,NA,1,NA,1,NA,NA,NA,NA,NA,NA,NA,Neurons,2943,1657,343,464,3184
SCINH3,Neurons,"Inhibitory neurons, spinal cord",66,"GABA, Glycine (GLYT2)","Dorsal horn, lamina 2-6",Spinal cord,105,Neurons,CNS neurons,Spinal cord neurons,Spinal cord inhibitory neurons,correspond to Gaba5-7in C1 data. Might be proken to Trh and Gpr101.,Spinal cord inhibitory neurons,16,Inhibitory,In,NA,NA,NA,1,NA,1,NA,NA,NA,NA,NA,NA,NA,Neurons,2508,1631,355,573,2803
SCINH4,Neurons,"Inhibitory neurons, spinal cord",37,GABA,"Dorsal horn, lamina 3-6",Spinal cord,104,Neurons,CNS neurons,Spinal cord neurons,Spinal cord inhibitory neurons,correspond to Gaba10 in C1 data. Might be proken to Eya2 and Adamts5.,Spinal cord inhibitory neurons,16,Inhibitory,In,NA,NA,NA,1,NA,NA,NA,NA,NA,NA,NA,NA,NA,Neurons,1917,1056,352,533,2060
SCINH5,Neurons,"Inhibitory neurons, spinal cord",44,"GABA, Glycine (GLYT2)","Dorsal horn, lamina 2-6",Spinal cord,103,Neurons,CNS neurons,Spinal cord neurons,Spinal cord inhibitory neurons,correspond to Gaba13 in C1 data.,Spinal cord inhibitory neurons,16,Inhibitory,In,NA,NA,NA,1,NA,1,NA,NA,NA,NA,NA,NA,NA,Neurons,3067,2189,341,556,3406
SCINH6,Neurons,"Inhibitory neurons, spinal cord",87,GABA,"Dorsal horn, lamina 2-4",Spinal cord,102,Neurons,CNS neurons,Spinal cord neurons,Spinal cord inhibitory neurons,correspond to Gaba9 in C1 data.,Spinal cord inhibitory neurons,16,Inhibitory,In,NA,NA,NA,1,NA,NA,NA,NA,NA,NA,NA,NA,NA,Neurons,3287,2575,500,766,3665
SCINH7,Neurons,"Inhibitory neurons, spinal cord",71,GABA,"Dorsal horn, lamina 2-6",Spinal cord,101,Neurons,CNS neurons,Spinal cord neurons,Spinal cord inhibitory neurons,correspond to Gaba8 in C1 data.,Spinal cord inhibitory neurons,16,Inhibitory,In,NA,NA,NA,1,NA,NA,NA,NA,NA,NA,NA,NA,NA,Neurons,1849,1091,520,729,2129
SCINH8,Neurons,"Inhibitory neurons, spinal cord",87,GABA,"Dorsal horn, lamina 2-6",Spinal cord,100,Neurons,CNS neurons,Spinal cord neurons,Spinal cord inhibitory neurons,correspond to Gaba3 in C1 data.,Spinal cord inhibitory neurons,16,Inhibitory,In,NA,NA,NA,1,NA,NA,NA,NA,NA,NA,NA,NA,NA,Neurons,2270,1275,591,834,2499
SCINH9,Neurons,"Inhibitory neurons, spinal cord",84,GABA,"Dorsal horn, lamina 2-6",Spinal cord,99,Neurons,CNS neurons,Spinal cord neurons,Spinal cord inhibitory neurons,correspond to Gaba2-3 in C1 data. Probably a mix of Gaba2 and 3.,Spinal cord inhibitory neurons,16,Inhibitory,In,NA,NA,NA,1,NA,NA,NA,NA,NA,NA,NA,NA,NA,Neurons,1781,897,614,743,2006
SEPNBL,Neurons,"Neuroblasts, septum",117,Glutamate (VGLUT1),Triangular nucleus of septum,Pallidum,179,Neurons,CNS neurons,Immature neural,Glutamatergic neuroblasts,nan,Neuroblasts,21,Excitatory,NA,NA,NA,NA,NA,NA,NA,NA,NA,NA,1,NA,NA,NA,Neurons,1845,742,503,464,2062
SYCHO1,Neurons,"Cholinergic neurons, sympathetic",15,"Acetylcholine, Noradrenaline",Sympathetic ganglion,Sympathetic ganglion,197,Neurons,PNS neurons,Sympathetic neurons,Sympathetic cholinergic neurons,correspont to Ach1 in Furlan et al 2016.,Sympathetic neurons,9,Monoamines,NA,1,NA,NA,NA,NA,NA,NA,1,NA,NA,NA,NA,NA,Neurons,2541,3333,279,687,3905
SYCHO2,Neurons,"Cholinergic neurons, sympathetic",75,"Acetylcholine, Noradrenaline",Sympathetic ganglion,Sympathetic ganglion,196,Neurons,PNS neurons,Sympathetic neurons,Sympathetic cholinergic neurons,correspont to Ach2 in Furlan et al 2016.,Sympathetic neurons,9,Monoamines,NA,1,NA,NA,NA,NA,NA,NA,1,NA,NA,NA,NA,NA,Neurons,3712,4733,441,941,5123
SYNOR1,Neurons,Noradrenergic erector muscle neurons,97,Noradrenaline,Sympathetic ganglion,Sympathetic ganglion,191,Neurons,PNS neurons,Sympathetic neurons,Sympathetic noradrenergic neurons,correspont to NA2 in Furlan et al 2016.,Sympathetic neurons,9,Monoamines,NA,NA,NA,NA,NA,NA,NA,NA,1,NA,NA,NA,NA,NA,Neurons,3790,4667,561,1029,5015
SYNOR2,Neurons,"Noradrenergic neurons, sympathetic",62,Noradrenaline,Sympathetic ganglion,Sympathetic ganglion,192,Neurons,PNS neurons,Sympathetic neurons,Sympathetic noradrenergic neurons,correspont to NA1 in Furlan et al 2016.,Sympathetic neurons,9,Monoamines,NA,NA,NA,NA,NA,NA,NA,NA,1,NA,NA,NA,NA,NA,Neurons,3550,4445,493,1021,4855
SYNOR3,Neurons,"Noradrenergic neurons, sympathetic",409,Noradrenaline,Sympathetic ganglion,Sympathetic ganglion,193,Neurons,PNS neurons,Sympathetic neurons,Sympathetic noradrenergic neurons,correspont to NA3 in Furlan et al 2016.,Sympathetic neurons,9,Monoamines,NA,NA,NA,NA,NA,NA,NA,NA,1,NA,NA,NA,NA,NA,Neurons,4861,6244,1117,1578,6509
SYNOR4,Neurons,Noradrenergic erector muscle neurons,182,Noradrenaline,Sympathetic ganglion,Sympathetic ganglion,194,Neurons,PNS neurons,Sympathetic neurons,Sympathetic noradrenergic neurons,"correspont to NA4,5 in Furlan et al 2016.",Sympathetic neurons,9,Monoamines,NA,NA,NA,NA,NA,NA,NA,NA,1,NA,NA,NA,NA,NA,Neurons,4211,5718,750,1289,5933
SYNOR5,Neurons,Noradrenergic erector muscle neurons,46,Noradrenaline,Sympathetic ganglion,Sympathetic ganglion,195,Neurons,PNS neurons,Sympathetic neurons,Sympathetic noradrenergic neurons,"correspont to NA4,5 in Furlan et al 2016.",Sympathetic neurons,9,Monoamines,NA,NA,NA,NA,NA,NA,NA,NA,1,NA,NA,NA,NA,NA,Neurons,2791,2702,504,922,3356
SZNBL,Neurons,Neuronal intermidate progenitor cells,971,NA,"Sub ventricular zone, Dentate gyrus","Striatum dorsal, Striatum ventral, Dentate gyrus",36,Neurons,CNS neurons,Immature neural,Non-glutamatergic neuroblasts,nan,Neuroblasts,21,Missing neurotransmitter,NA,NA,NA,NA,NA,NA,NA,NA,NA,NA,NA,NA,NA,1,Neurons,2814,2146,2069,2614,3688
TECHO,Neurons,"Cholinergic interneurons, telencephalon",121,"Acetylcholine, Glutamate (VGLUT3), Nitric oxide","Striatum,Amygdala","Striatum dorsal, Striatum ventral,Amygdala",67,Neurons,CNS neurons,"Cholinergic, monoaminergic and peptidergic neurons",Cholinergic and monoaminergic neurons,nan,Cholinergic and monoaminergic neurons,18,Excitatory,NA,1,NA,NA,NA,NA,NA,1,NA,NA,NA,NA,1,NA,Neurons,4024,3545,357,496,4673
TEGLU1,Neurons,"Excitatory neurons, cerebral cortex",402,"Glutamate (VGLUT1, VGLUT3)","Cingulate/Retrosplenial area, layer 6",Cortex,1,Neurons,CNS neurons,Telencephalon projecting neurons,Telencephalon projecting excitatory neurons,nan,Telencephalon projecting excitatory neurons,24,Excitatory,Ex,NA,NA,NA,NA,NA,NA,NA,NA,NA,1,NA,1,NA,Neurons,4086,2599,904,999,4461
TEGLU10,Neurons,"Excitatory neurons, cerebral cortex",866,Glutamate (VGLUT1),Cortical pyramidal layer 5,Cortex,7,Neurons,CNS neurons,Telencephalon projecting neurons,Telencephalon projecting excitatory neurons,nan,Telencephalon projecting excitatory neurons,24,Excitatory,Ex,NA,NA,NA,NA,NA,NA,NA,NA,NA,1,NA,NA,NA,Neurons,6698,7178,1141,1689,7590
TEGLU11,Neurons,"Excitatory neurons, cerebral cortex",1464,Glutamate (VGLUT1),Cortical pyramidal (poor markers),Cortex,5,Neurons,CNS neurons,Telencephalon projecting neurons,Telencephalon projecting excitatory neurons,nan,Telencephalon projecting excitatory neurons,24,Excitatory,Ex,NA,NA,NA,NA,NA,NA,NA,NA,NA,1,NA,NA,NA,Neurons,6681,6917,1378,1736,7474
TEGLU12,Neurons,"Excitatory neurons, cerebral cortex",386,"Glutamate (VGLUT1,VGLUT2)","Lateral cortex layer 6: gustatory, barrel field, auditory",Cortex,6,Neurons,CNS neurons,Telencephalon projecting neurons,Telencephalon projecting excitatory neurons,nan,Telencephalon projecting excitatory neurons,24,Excitatory,Ex,NA,NA,NA,NA,NA,NA,NA,NA,NA,1,1,NA,NA,Neurons,4539,3897,960,1313,5084
TEGLU13,Neurons,"Excitatory neurons, cerebral cortex",127,"Glutamate (VGLUT1,VGLUT2), Nitric oxide",Subiculum,Cortex,12,Neurons,CNS neurons,Telencephalon projecting neurons,Telencephalon projecting excitatory neurons,nan,Telencephalon projecting excitatory neurons,24,Excitatory,Ex,NA,NA,NA,NA,NA,NA,1,NA,NA,1,1,NA,NA,Neurons,5175,4626,527,1106,5649
TEGLU14,Neurons,"Excitatory neurons, cerebral cortex",35,Glutamate (VGLUT1),Subiculum,Cortex,13,Neurons,CNS neurons,Telencephalon projecting neurons,Telencephalon projecting excitatory neurons,nan,Telencephalon projecting excitatory neurons,24,Excitatory,Ex,NA,NA,NA,NA,NA,NA,NA,NA,NA,1,NA,NA,NA,Neurons,3753,3875,282,784,4504
TEGLU15,Neurons,"Excitatory neurons, cerebral cortex",186,"Glutamate (VGLUT1,VGLUT2)",Piriform pyramidal,Cortex,16,Neurons,CNS neurons,Telencephalon projecting neurons,Telencephalon projecting excitatory neurons,nan,Telencephalon projecting excitatory neurons,24,Excitatory,Ex,NA,NA,NA,NA,NA,NA,NA,NA,NA,1,1,NA,NA,Neurons,5554,5805,635,1335,6343
TEGLU16,Neurons,"Excitatory neurons, cerebral cortex",61,"Glutamate (VGLUT1), Nitric oxide",Piriform pyramidal,Cortex,15,Neurons,CNS neurons,Telencephalon projecting neurons,Telencephalon projecting excitatory neurons,nan,Telencephalon projecting excitatory neurons,24,Excitatory,Ex,NA,NA,NA,NA,NA,NA,1,NA,NA,1,NA,NA,NA,Neurons,3986,3893,442,1048,4728
TEGLU17,Neurons,"Excitatory neurons, cerebral cortex",784,Glutamate (VGLUT1),Piriform pyramidal,Cortex,17,Neurons,CNS neurons,Telencephalon projecting neurons,Telencephalon projecting excitatory neurons,nan,Telencephalon projecting excitatory neurons,24,Excitatory,Ex,NA,NA,NA,NA,NA,NA,NA,NA,NA,1,NA,NA,NA,Neurons,6493,6382,1165,1682,7219
TEGLU18,Neurons,"Excitatory neurons, cerebral cortex",657,Glutamate (VGLUT1),"Anterior olfactory nucleus, deep layer",Cortex,18,Neurons,CNS neurons,Telencephalon projecting neurons,Telencephalon projecting excitatory neurons,nan,Telencephalon projecting excitatory neurons,24,Excitatory,Ex,NA,NA,NA,NA,NA,NA,NA,NA,NA,1,NA,NA,NA,Neurons,6392,6127,1030,1414,7023
TEGLU19,Neurons,"Excitatory neurons, cerebral cortex",89,Glutamate (VGLUT1),Anterior olfactory nucleus and ventral striatum,Cortex,19,Neurons,CNS neurons,Telencephalon projecting neurons,Telencephalon projecting excitatory neurons,nan,Telencephalon projecting excitatory neurons,24,Excitatory,Ex,NA,NA,NA,NA,NA,NA,NA,NA,NA,1,NA,NA,NA,Neurons,4349,3392,404,806,4753
TEGLU2,Neurons,"Excitatory neurons, cerebral cortex",274,Glutamate (VGLUT1),Cortex pyramidal layer 6b,Cortex,3,Neurons,CNS neurons,Telencephalon projecting neurons,Telencephalon projecting excitatory neurons,nan,Telencephalon projecting excitatory neurons,24,Excitatory,Ex,NA,NA,NA,NA,NA,NA,NA,NA,NA,1,NA,NA,NA,Neurons,5412,5026,752,1137,5947
TEGLU20,Neurons,"Excitatory neurons, cerebral cortex",55,Glutamate (VGLUT1),Cortex pyramidal layer 6,Cortex,4,Neurons,CNS neurons,Telencephalon projecting neurons,Telencephalon projecting excitatory neurons,nan,Telencephalon projecting excitatory neurons,24,Excitatory,Ex,NA,NA,NA,NA,NA,NA,NA,NA,NA,1,NA,NA,NA,Neurons,3992,4005,321,899,4681
TEGLU21,Neurons,"Excitatory neurons, hippocampus CA1",104,"Glutamate (VGLUT1), Nitric oxide","CA1 (posterior),subiculum,entorhinal",Hippocampus,21,Neurons,CNS neurons,Telencephalon projecting neurons,Telencephalon projecting excitatory neurons,nan,Telencephalon projecting excitatory neurons,24,Excitatory,Ex,NA,NA,NA,NA,NA,NA,1,NA,NA,1,NA,NA,NA,Neurons,4840,4620,418,866,5431
TEGLU22,Neurons,"Excitatory neurons, amygdala",958,Glutamate (VGLUT1),Basolateral amygdala,Amygdala,20,Neurons,CNS neurons,Telencephalon projecting neurons,Telencephalon projecting excitatory neurons,nan,Telencephalon projecting excitatory neurons,24,Excitatory,Ex,NA,NA,NA,NA,NA,NA,NA,NA,NA,1,NA,NA,NA,Neurons,5403,4949,1329,1818,6037
TEGLU23,Neurons,"Excitatory neurons, hippocampus CA3",484,"Glutamate (VGLUT1), Nitric oxide",CA3,Hippocampus,24,Neurons,CNS neurons,Telencephalon projecting neurons,Telencephalon projecting excitatory neurons,nan,Telencephalon projecting excitatory neurons,24,Excitatory,Ex,NA,NA,NA,NA,NA,NA,1,NA,NA,1,NA,NA,NA,Neurons,6226,6794,1000,1639,7218
TEGLU24,Neurons,"Excitatory neurons, hippocampus CA1",2037,"Glutamate (VGLUT1), Nitric oxide",CA1,Hippocampus,23,Neurons,CNS neurons,Telencephalon projecting neurons,Telencephalon projecting excitatory neurons,nan,Telencephalon projecting excitatory neurons,24,Excitatory,Ex,NA,NA,NA,NA,NA,NA,1,NA,NA,1,NA,NA,NA,Neurons,6113,6037,1580,1923,6874
TEGLU3,Neurons,"Excitatory neurons, cerebral cortex",2734,Glutamate (VGLUT1),Cortex pyramidal layer 6,Cortex,2,Neurons,CNS neurons,Telencephalon projecting neurons,Telencephalon projecting excitatory neurons,nan,Telencephalon projecting excitatory neurons,24,Excitatory,Ex,NA,NA,NA,NA,NA,NA,NA,NA,NA,1,NA,NA,NA,Neurons,5981,5308,1342,1492,6621
TEGLU4,Neurons,"Excitatory neurons, cerebral cortex",664,Glutamate (VGLUT1),"Cortex pyramidal layer 5, Cingulate/Retrosplenial area (superficial and deep)",Cortex,22,Neurons,CNS neurons,Telencephalon projecting neurons,Telencephalon projecting excitatory neurons,nan,Telencephalon projecting excitatory neurons,24,Excitatory,Ex,NA,NA,NA,NA,NA,NA,NA,NA,NA,1,NA,NA,NA,Neurons,6137,6266,1169,2036,6872
TEGLU5,Neurons,"Excitatory neurons, cerebral cortex",126,"Glutamate (VGLUT1,VGLUT2)",Entorhinal superficial layers,Cortex,14,Neurons,CNS neurons,Telencephalon projecting neurons,Telencephalon projecting excitatory neurons,nan,Telencephalon projecting excitatory neurons,24,Excitatory,Ex,NA,NA,NA,NA,NA,NA,NA,NA,NA,1,1,NA,NA,Neurons,4692,4280,609,1083,5216
TEGLU6,Neurons,"Excitatory neurons, cerebral cortex",598,"Glutamate (VGLUT1,VGLUT2)","Cingulate/Retrosplenial area, layer 2",Cortex,11,Neurons,CNS neurons,Telencephalon projecting neurons,Telencephalon projecting excitatory neurons,nan,Telencephalon projecting excitatory neurons,24,Excitatory,Ex,NA,NA,NA,NA,NA,NA,NA,NA,NA,1,1,NA,NA,Neurons,4060,2537,1209,1327,4475
TEGLU7,Neurons,"Excitatory neurons, cerebral cortex",2435,Glutamate (VGLUT1),Cortical pyramidal layer 2/3,Cortex,10,Neurons,CNS neurons,Telencephalon projecting neurons,Telencephalon projecting excitatory neurons,nan,Telencephalon projecting excitatory neurons,24,Excitatory,Ex,NA,NA,NA,NA,NA,NA,NA,NA,NA,1,NA,NA,NA,Neurons,7160,7625,1588,2101,8147
TEGLU8,Neurons,"Excitatory neurons, cerebral cortex",3071,Glutamate (VGLUT1),Cortical pyramidal layer 4,Cortex,9,Neurons,CNS neurons,Telencephalon projecting neurons,Telencephalon projecting excitatory neurons,nan,Telencephalon projecting excitatory neurons,24,Excitatory,Ex,NA,NA,NA,NA,NA,NA,NA,NA,NA,1,NA,NA,NA,Neurons,6858,7185,1534,2100,7817
TEGLU9,Neurons,"Excitatory neurons, cerebral cortex",202,Glutamate (VGLUT1),"Cingulate/Retrosplenial area, layer 5",Cortex,8,Neurons,CNS neurons,Telencephalon projecting neurons,Telencephalon projecting excitatory neurons,nan,Telencephalon projecting excitatory neurons,24,Excitatory,Ex,NA,NA,NA,NA,NA,NA,NA,NA,NA,1,NA,NA,NA,Neurons,4803,3948,630,910,5167
TEINH1,Neurons,"Inhibitory neurons, pallidum",576,GABA,Medial septal nucleus and Magnocellular nucleus,Pallidum,153,Neurons,CNS neurons,Di- and mesencephalon neurons,Di- and mesencephalon inhibitory neurons,nan,Di- and mesencephalon inhibitory neurons,13,Inhibitory,In,NA,NA,NA,1,NA,NA,NA,NA,NA,NA,NA,NA,NA,Neurons,5652,4696,569,712,6001
TEINH10,Neurons,"R-LM border Cck interneurons, cortex/hippocampus",581,"GABA, Glutamate (VGLUT3)","Hippocampus (sr/slm),Cortex","Hippocampus,Cortex",60,Neurons,CNS neurons,Telencephalon interneurons,Telencephalon inhibitory interneurons,nan,Telencephalon inhibitory interneurons,19,Ex/In,NA,NA,NA,NA,1,NA,NA,NA,NA,NA,NA,NA,1,NA,Neurons,4577,4544,933,1064,5171
TEINH11,Neurons,"R-LM border Cck interneurons, cortex/hippocampus",660,"GABA,Glutamate (VGLUT3), Nitric oxide","Hippocampus (sr/slm),Cortex","Hippocampus,Cortex",61,Neurons,CNS neurons,Telencephalon interneurons,Telencephalon inhibitory interneurons,nan,Telencephalon inhibitory interneurons,19,Ex/In,NA,NA,NA,NA,1,NA,NA,1,NA,NA,NA,NA,1,NA,Neurons,6322,7015,935,1294,7343
TEINH12,Neurons,"Non-border Cck interneurons, cortex/hippocampus",280,"GABA,Glutamate (VGLUT3)","Hippocampus,Cortex","Hippocampus,Cortex",58,Neurons,CNS neurons,Telencephalon interneurons,Telencephalon inhibitory interneurons,nan,Telencephalon inhibitory interneurons,19,Ex/In,NA,NA,NA,NA,1,NA,NA,NA,NA,NA,NA,NA,1,NA,Neurons,5648,6161,644,915,6545
TEINH13,Neurons,"Trilaminar cells, hippocampus",163,"GABA, Glutamate (VGLUT3)",Hippocampus,Hippocampus,57,Neurons,CNS neurons,Telencephalon interneurons,Telencephalon inhibitory interneurons,nan,Telencephalon inhibitory interneurons,19,Ex/In,NA,NA,NA,NA,1,NA,NA,NA,NA,NA,NA,NA,1,NA,Neurons,4961,5187,471,788,5722
TEINH14,Neurons,"CGE-derived neurogliaform cells Cxcl14+, cortex/hippocampus",422,GABA,"Hippocampus,Cortex","Hippocampus,Cortex",55,Neurons,CNS neurons,Telencephalon interneurons,Telencephalon inhibitory interneurons,nan,Telencephalon inhibitory interneurons,19,Inhibitory,NA,NA,NA,NA,1,NA,NA,NA,NA,NA,NA,NA,NA,NA,Neurons,3776,2530,893,1032,4188
TEINH15,Neurons,"CGE-derived neurogliaform cells, cortex/hippocampus",1069,"GABA, Nitric oxide","Hippocampus,Cortex","Hippocampus,Cortex",54,Neurons,CNS neurons,Telencephalon interneurons,Telencephalon inhibitory interneurons,nan,Telencephalon inhibitory interneurons,19,Inhibitory,NA,NA,NA,NA,1,NA,NA,1,NA,NA,NA,NA,NA,NA,Neurons,4823,3698,1294,1527,5363
TEINH16,Neurons,"Ivy and MGE-derived neurogliaform cells, cortex/hippocampus",644,"GABA, Nitric oxide","Hippocampus,Cortex","Hippocampus,Cortex",53,Neurons,CNS neurons,Telencephalon interneurons,Telencephalon inhibitory interneurons,nan,Telencephalon inhibitory interneurons,19,Inhibitory,NA,NA,NA,NA,1,NA,NA,1,NA,NA,NA,NA,NA,NA,Neurons,5208,4714,1017,1167,5709
TEINH17,Neurons,"Axo-axonic, cortex/hippocampus",675,GABA,"Hippocampus,Cortex","Hippocampus,Cortex",49,Neurons,CNS neurons,Telencephalon interneurons,Telencephalon inhibitory interneurons,nan,Telencephalon inhibitory interneurons,19,Inhibitory,NA,NA,NA,NA,1,NA,NA,NA,NA,NA,NA,NA,NA,NA,Neurons,4491,3567,947,1082,4941
TEINH18,Neurons,"Basket and bistratified cells, cortex/hippocampus",547,"GABA, Nitric oxide","Hippocampus,Cortex","Hippocampus,Cortex",50,Neurons,CNS neurons,Telencephalon interneurons,Telencephalon inhibitory interneurons,nan,Telencephalon inhibitory interneurons,19,Inhibitory,NA,NA,NA,NA,1,NA,NA,1,NA,NA,NA,NA,NA,NA,Neurons,5253,5123,946,1191,5898
TEINH19,Neurons,"Hippocamposeptal projection, cortex/hippocampus",1040,GABA,"Hippocampus (so),Cortex","Hippocampus,Cortex",51,Neurons,CNS neurons,Telencephalon interneurons,Telencephalon inhibitory interneurons,nan,Telencephalon inhibitory interneurons,19,Inhibitory,NA,NA,NA,NA,1,NA,NA,NA,NA,NA,NA,NA,NA,NA,Neurons,6279,6585,971,1095,7000
TEINH2,Neurons,"Inhibitory neurons, septal nucleus",1339,GABA,Septal nucleus,"Striatum dorsal, Striatum ventral",84,Neurons,CNS neurons,"Cholinergic, monoaminergic and peptidergic neurons",Peptidergic neurons,nan,Peptidergic neurons,17,Inhibitory,In,NA,NA,NA,1,NA,NA,NA,NA,NA,NA,NA,NA,NA,Neurons,4831,3545,1295,1549,5544
TEINH20,Neurons,"Inhibitory interneurons, hippocampus",139,GABA,Hippocampus (sr/slm),Hippocampus,56,Neurons,CNS neurons,Telencephalon interneurons,Telencephalon inhibitory interneurons,"May also be located to the hilus of the dentate gyrus, based on Slc18a2",Telencephalon inhibitory interneurons,19,Inhibitory,In,NA,NA,NA,1,NA,NA,NA,NA,NA,NA,NA,NA,NA,Neurons,4634,4729,420,690,5292
TEINH21,Neurons,"Sleep-active, long-range projection interneurons, cortex/hippocampus",385,"GABA, Nitric oxide","Hippocampus,Cortex","Hippocampus,Cortex",52,Neurons,CNS neurons,Telencephalon interneurons,Telencephalon inhibitory interneurons,nan,Telencephalon inhibitory interneurons,19,Inhibitory,NA,NA,NA,NA,1,NA,NA,1,NA,NA,NA,NA,NA,NA,Neurons,3559,3072,777,865,4037
TEINH3,Neurons,"Inhibitory neurons, telencephalon",145,GABA,Bed nuclei of the stria terminalis posterior division,Pallidum,83,Neurons,CNS neurons,"Cholinergic, monoaminergic and peptidergic neurons",Peptidergic neurons,nan,Peptidergic neurons,17,Inhibitory,In,NA,NA,NA,1,NA,NA,NA,NA,NA,NA,NA,NA,NA,Neurons,3479,2176,482,629,3758
TEINH4,Neurons,"Interneuron-selective interneurons, cortex/hippocampus",645,GABA,"Hippocampus,Cortex","Hippocampus,Cortex",62,Neurons,CNS neurons,Telencephalon interneurons,Telencephalon inhibitory interneurons,nan,Telencephalon inhibitory interneurons,19,Inhibitory,NA,NA,NA,NA,1,NA,NA,NA,NA,NA,NA,NA,NA,NA,Neurons,2983,1698,1046,915,3470
TEINH5,Neurons,"Interneuron-selective interneurons, cortex/hippocampus",449,"GABA, Nitric oxide","Hippocampus,Cortex","Hippocampus,Cortex",63,Neurons,CNS neurons,Telencephalon interneurons,Telencephalon inhibitory interneurons,nan,Telencephalon inhibitory interneurons,19,Inhibitory,NA,NA,NA,NA,1,NA,NA,1,NA,NA,NA,NA,NA,NA,Neurons,3345,1911,883,907,3653
TEINH6,Neurons,"Interneuron-selective interneurons, cortex/hippocampus",145,GABA,"Hippocampus,Cortex","Hippocampus,Cortex",66,Neurons,CNS neurons,Telencephalon interneurons,Telencephalon inhibitory interneurons,nan,Telencephalon inhibitory interneurons,19,Inhibitory,NA,NA,NA,NA,1,NA,NA,NA,NA,NA,NA,NA,NA,NA,Neurons,2560,1508,529,661,2791
TEINH7,Neurons,"Interneuron-selective interneurons, hippocampus",68,GABA,Hippocampus,Hippocampus,65,Neurons,CNS neurons,Telencephalon interneurons,Telencephalon inhibitory interneurons,nan,Telencephalon inhibitory interneurons,19,Inhibitory,NA,NA,NA,NA,1,NA,NA,NA,NA,NA,NA,NA,NA,NA,Neurons,2692,1872,431,669,2934
TEINH8,Neurons,"Interneuron-selective interneurons, hippocampus",57,GABA,Hippocampus,Hippocampus,64,Neurons,CNS neurons,Telencephalon interneurons,Telencephalon inhibitory interneurons,nan,Telencephalon inhibitory interneurons,19,Inhibitory,NA,NA,NA,NA,1,NA,NA,NA,NA,NA,NA,NA,NA,NA,Neurons,2246,1260,440,673,2390
TEINH9,Neurons,"Non-border Cck interneurons, hippocampus",162,GABA,Hippocampus,Hippocampus,59,Neurons,CNS neurons,Telencephalon interneurons,Telencephalon inhibitory interneurons,nan,Telencephalon inhibitory interneurons,19,Inhibitory,NA,NA,NA,NA,1,NA,NA,NA,NA,NA,NA,NA,NA,NA,Neurons,3462,3183,570,861,3903
VECA,Vascular,"Vascular endothelial cells, arterial",109,NA,CNS,CNS,254,Vascular cells,Vascular cells,Vascular cells,Vascular smooth muscle cells,"Have low Lum,Dcn,Igf2,Pdgfra. Might be mixed with VSM+VLMC.",Vascular,2,Non-neuron,NA,NA,NA,NA,NA,NA,NA,NA,NA,NA,NA,NA,NA,1,Vascular,3263,2478,1271,2422,3622
VECC,Vascular,"Vascular endothelial cells, capillary",1025,NA,CNS,CNS,259,Vascular cells,Vascular cells,Vascular cells,Vascular endothelial cells,Serpine1 is Plasminogen activator inhibitor-1,Vascular,2,Non-neuron,NA,NA,NA,NA,NA,NA,NA,NA,NA,NA,NA,NA,NA,1,Vascular,3142,2557,2295,2591,3885
VECV,Vascular,"Vascular endothelial cells, venous",2780,NA,CNS,CNS,260,Vascular cells,Vascular cells,Vascular cells,Vascular endothelial cells,nan,Vascular,2,Non-neuron,NA,NA,NA,NA,NA,NA,NA,NA,NA,NA,NA,NA,NA,1,Vascular,3497,2928,2574,3060,4477
VLMC1,Vascular,Vascular leptomeningeal cells,702,NA,CNS,CNS,253,Vascular cells,Vascular cells,Vascular cells,Vascular and leptomeningeal cells,"Enriched in Lama1,Msc,Clo13a1,Col15a1 (neural crest origin is uncertain)",Vascular,2,Non-neuron,NA,NA,NA,NA,NA,NA,NA,NA,NA,NA,NA,NA,NA,1,Vascular,1908,1292,1916,2177,2800
VLMC2,Vascular,Vascular leptomeningeal cells,662,NA,Olfactory bulb-enriched,CNS,252,Vascular cells,Vascular cells,Vascular cells,Vascular and leptomeningeal cells,"Enriched in Crapbp2,Slc13a3,Ptgds,Slc13a4,Aldh1a2 (neural crest origin is uncertain)",Vascular,2,Non-neuron,NA,NA,NA,NA,NA,NA,NA,NA,NA,NA,NA,NA,NA,1,Vascular,2623,2147,1949,2585,3417
VSMCA,Vascular,"Vascular smooth muscle cells, arterial",1221,NA,CNS,CNS,256,Vascular cells,Vascular cells,Vascular cells,Vascular smooth muscle cells,nan,Vascular,2,Non-neuron,NA,NA,NA,NA,NA,NA,NA,NA,NA,NA,NA,NA,NA,1,Vascular,1775,1316,2272,2326,2967
