specificity_id,annotation_prefix,annotation,annotation_fmt,annotation_marker,taxonomy_lvl2,Notes,taxonomy_lvl1,color_by_variable,DET,GES,NSI,EP,ESmu,N_cells_es
campbell2017_lvl2,ARCME,s32.Astrocytes,ARCME-ASTRO1,Agt/Slc1a2/Sparcl1,Astrocyte,NA,Glia,ARCME,1606,1462,741,1483,1976,99
campbell2017_lvl2,ARCME,s01.Ependymocy1,ARCME-EPENDY1,Dbi/Mlc1/Dynlrb2,Ependymal,NA,Glia,ARCME,3369,3900,394,1627,4249,37
campbell2017_lvl2,ARCME,s02.Ependymocy2,ARCME-EPENDY2,Sntn/Cdhr4/Col6a5,Ependymal,NA,Glia,ARCME,3524,3321,1624,2463,3875,430
campbell2017_lvl2,ARCME,s11.Endothelial,ARCME-EPI1,Hbb-bs/Flt1/Slco1a4,Epithelial,NA,Vascular,ARCME,2631,2316,1486,2112,2876,240
campbell2017_lvl2,ARCME,s16.Fibroblasts1,ARCME-FIBRO1,Rpph1/Gbp2/Inmt,Fibroblast,NA,Other,ARCME,1550,1495,524,1424,1778,14
campbell2017_lvl2,ARCME,s17.Fibroblasts2,ARCME-FIBRO2,Igf2/Apod/Igfbp2,Fibroblast,NA,Other,ARCME,1355,1182,676,1245,1558,38
campbell2017_lvl2,ARCME,s18.Fibroblasts3,ARCME-FIBRO3,Mgp/Gsn/Crispld2,Fibroblast,NA,Other,ARCME,1641,1378,1137,1714,2006,120
campbell2017_lvl2,ARCME,s15.Microglia,ARCME-MICRO1,Ctss/Hexb/Cx3cr1,Microglia,NA,Immune,ARCME,2009,1711,1588,2110,2358,304
campbell2017_lvl2,ARCME,s12.Mural_Cells1,ARCME-MURAL1,Igfbp3/Plvap/Emcn,Mural,NA,Vascular,ARCME,1739,1483,547,1249,1915,29
campbell2017_lvl2,ARCME,s13.Mural_Cells2,ARCME-MURAL2,Acta2/Myl9/Tpm2,Mural,NA,Vascular,ARCME,1944,1825,842,2002,2347,55
campbell2017_lvl2,ARCME,n01.Hdc,ARCME-NEURO1,Hdc,Neuron,NA,Neuron,ARCME,2255,1638,309,693,2645,50
campbell2017_lvl2,ARCME,n10.Ghrh,ARCME-NEURO10,Ghrh,Neuron,NA,Neuron,ARCME,3313,2232,837,1061,3673,504
campbell2017_lvl2,ARCME,n11.Th-Cxcl12,ARCME-NEURO11,Th/Cxcl12,Neuron,NA,Neuron,ARCME,2992,1620,556,992,3331,327
campbell2017_lvl2,ARCME,n12.Agrp-Sst,ARCME-NEURO12,Agrp/Sst,Neuron,NA,Neuron,ARCME,3747,3000,682,1081,4333,539
campbell2017_lvl2,ARCME,n13.Agrp-Gm8773,ARCME-NEURO13,Agrp/Gm8773,Neuron,NA,Neuron,ARCME,3943,4688,968,1374,5351,1747
campbell2017_lvl2,ARCME,n14.Pomc-Ttr,ARCME-NEURO14,Pomc/Ttr,Neuron,NA,Neuron,ARCME,3431,1731,524,708,3728,512
campbell2017_lvl2,ARCME,n15.Pomc-Anxa2,ARCME-NEURO15,Pomc/Anxa2,Neuron,NA,Neuron,ARCME,3508,3198,526,789,4161,369
campbell2017_lvl2,ARCME,n16.Rgs16-Vip,ARCME-NEURO16,Rgs16/Vip,Neuron,NA,Neuron,ARCME,1774,934,1101,1537,2280,474
campbell2017_lvl2,ARCME,n17.Rgs16-Dlx1,ARCME-NEURO17,Rgs16/Dlx1,Neuron,NA,Neuron,ARCME,1645,554,301,428,1781,106
campbell2017_lvl2,ARCME,n18.Rgs16-Slc17a6,ARCME-NEURO18,Rgs16/Slc17a6,Neuron,NA,Neuron,ARCME,1858,564,529,673,2068,258
campbell2017_lvl2,ARCME,n19.Gpr50,ARCME-NEURO19,Gpr50,Neuron,NA,Neuron,ARCME,1691,938,350,725,1934,67
campbell2017_lvl2,ARCME,n02.Gm8773-Tac1,ARCME-NEURO2,Gm8773/Tac1,Neuron,NA,Neuron,ARCME,2640,2134,282,642,3178,83
campbell2017_lvl2,ARCME,n20.Kiss1-Tac2,ARCME-NEURO20,Kiss1/Tac2,Neuron,NA,Neuron,ARCME,3062,1722,810,1169,3471,657
campbell2017_lvl2,ARCME,n21.Pomc-Glipr1,ARCME-NEURO21,Pomc/Glipr1,Neuron,NA,Neuron,ARCME,3699,1949,509,760,3995,310
campbell2017_lvl2,ARCME,n22.Tmem215,ARCME-NEURO22,Tmem215,Neuron,NA,Neuron,ARCME,3182,1203,639,897,3517,752
campbell2017_lvl2,ARCME,n23.Sst-Unc13c,ARCME-NEURO23,Sst/Unc13c,Neuron,NA,Neuron,ARCME,2872,1421,655,974,3144,552
campbell2017_lvl2,ARCME,n24.Sst-Pthlh,ARCME-NEURO24,Sst/Pthlh,Neuron,NA,Neuron,ARCME,3363,2048,579,961,3611,246
campbell2017_lvl2,ARCME,n25.Th-Lef1,ARCME-NEURO25,Th/Lef1,Neuron,NA,Neuron,ARCME,2290,846,418,607,2477,229
campbell2017_lvl2,ARCME,n26.Htr3b,ARCME-NEURO26,Htr3b,Neuron,NA,Neuron,ARCME,3936,2230,569,883,4211,486
campbell2017_lvl2,ARCME,n27,ARCME-NEURO27,Tbx19,Neuron,NA,Neuron,ARCME,2469,1050,592,991,2791,431
campbell2017_lvl2,ARCME,n28.Qrfp,ARCME-NEURO28,Qrfp,Neuron,NA,Neuron,ARCME,1544,902,340,678,1756,66
campbell2017_lvl2,ARCME,n29.Nr5a1-Adcyap1,ARCME-NEURO29,Nr5a1/Adcyap1,Neuron,NA,Neuron,ARCME,3510,3044,1318,1874,4038,745
campbell2017_lvl2,ARCME,n03,ARCME-NEURO3,Th/Sst,Neuron,NA,Neuron,ARCME,2021,1455,290,635,2404,30
campbell2017_lvl2,ARCME,n30.Nr5a1-Nfib,ARCME-NEURO30,Nr5a1/Nfib,Neuron,NA,Neuron,ARCME,2183,817,629,838,2370,316
campbell2017_lvl2,ARCME,n31.Fam19a2,ARCME-NEURO31,Fam19a2,Neuron,NA,Neuron,ARCME,2736,1380,428,724,2981,171
campbell2017_lvl2,ARCME,n32.Slc17a6-Trhr,ARCME-NEURO32,Slc17a6/Trhr,Neuron,NA,Neuron,ARCME,3824,2206,507,821,4050,342
campbell2017_lvl2,ARCME,n04.Sst-Nts,ARCME-NEURO4,Sst/Nts,Neuron,NA,Neuron,ARCME,3169,2486,274,571,3772,70
campbell2017_lvl2,ARCME,n05.Nfix-Htr2c,ARCME-NEURO5,Nfix/Htr2c,Neuron,NA,Neuron,ARCME,2241,1401,164,388,2591,35
campbell2017_lvl2,ARCME,n06.Oxt,ARCME-NEURO6,Oxt,Neuron,NA,Neuron,ARCME,1467,1501,218,532,2127,36
campbell2017_lvl2,ARCME,n07,ARCME-NEURO7,Arx/Nr5a2,Neuron,NA,Neuron,ARCME,2408,955,574,844,2604,279
campbell2017_lvl2,ARCME,n08,ARCME-NEURO8,Th/Slc6a3,Neuron,NA,Neuron,ARCME,2810,1098,454,533,2935,287
campbell2017_lvl2,ARCME,n09.Th-Slc6a3,ARCME-NEURO9,Th/Slc6a3,Neuron,NA,Neuron,ARCME,2063,816,463,698,2227,202
campbell2017_lvl2,ARCME,s28.NG2_OPC1,ARCME-NG21,Nusap1/Nuf2/Tacc3,Oligodendrocyte,NA,Glia,ARCME,1466,938,468,943,1588,23
campbell2017_lvl2,ARCME,s29.NG2_OPC2,ARCME-NG22,C1ql1/Pdgfra/Lhfpl3,Oligodendrocyte,NA,Glia,ARCME,2380,1577,1451,1871,2790,604
campbell2017_lvl2,ARCME,s03.Oligodendro1,ARCME-OLIGO1,Gm15440/Tmem2/Cnksr3,Oligodendrocyte,NA,Glia,ARCME,1449,1387,549,1034,1701,23
campbell2017_lvl2,ARCME,s04.Oligodendro2,ARCME-OLIGO2,Aplp1/Gstp1/Endod1,Oligodendrocyte,NA,Glia,ARCME,1383,1665,389,946,1840,12
campbell2017_lvl2,ARCME,s05.Oligodendro3,ARCME-OLIGO3,Mal/Mog/Opalin,Oligodendrocyte,NA,Glia,ARCME,1695,1477,967,1261,1888,96
campbell2017_lvl2,ARCME,s06.Oligodendro4,ARCME-OLIGO4,Car2/Trf/Gm21984,Oligodendrocyte,NA,Glia,ARCME,1736,1547,1586,1570,2084,392
campbell2017_lvl2,ARCME,s07.Oligodendro5,ARCME-OLIGO5,Bcas1/Fyn/Tnr,Oligodendrocyte,NA,Glia,ARCME,1616,1528,383,890,1914,39
campbell2017_lvl2,ARCME,s27.Oligodendro6,ARCME-OLIGO6,Gpr17/Fyn/Lims2,Oligodendrocyte,NA,Glia,ARCME,2236,1605,888,1346,2475,185
campbell2017_lvl2,ARCME,n33.unassigned(1),ARCME-OTHER1,unassigned-1,Other,Cell-type marked as unassigned by authors,Other,ARCME,2030,650,537,729,2258,420
campbell2017_lvl2,ARCME,n34.unassigned(2),ARCME-OTHER2,unassigned-2,Other,Cell-type marked as unassigned by authors,Other,ARCME,2510,1276,894,1305,3100,1381
campbell2017_lvl2,ARCME,s08.Pars_Tuber1A,ARCME-PATU1,Chga/Chgb/Apoc3,Pars tuberalis,NA,Endocrine,ARCME,3379,4332,254,1072,4748,42
campbell2017_lvl2,ARCME,s09.Pars_Tuber1B,ARCME-PATU2,Wfdc2/Anxa1/Cyp2f2,Pars tuberalis,NA,Endocrine,ARCME,1230,948,442,1066,1445,15
campbell2017_lvl2,ARCME,s10.Pars_Tuber1C,ARCME-PATU3,Epcam/Cyp2f2/Mia,Pars tuberalis,NA,Endocrine,ARCME,3305,3614,644,1994,4018,93
campbell2017_lvl2,ARCME,s19.Parstuber2A,ARCME-PATU4,Chgb/Apoc3/Ces1d,Pars tuberalis,NA,Endocrine,ARCME,2153,1687,929,1784,2483,230
campbell2017_lvl2,ARCME,s20.Parstuber2B,ARCME-PATU5,Cga/Scg2/Pcsk1,Pars tuberalis,NA,Endocrine,ARCME,571,516,408,692,858,8
campbell2017_lvl2,ARCME,s14.PVMs,ARCME-PVM1,Gusb/Lyz2/Mrc1,Macrophage,Perivascular macrophages,Immune,ARCME,1388,1094,670,1271,1526,26
campbell2017_lvl2,ARCME,s30.b2_tanycytes1,ARCME-TANY1,Ppp1r1b/Lix1/Scn7a,Tanycyte,NA,Glia,ARCME,2896,2063,1447,1823,3317,592
campbell2017_lvl2,ARCME,s31.b2_tanycytes2,ARCME-TANY2,Scn7a/Cldn10/Fndc3c1,Tanycyte,NA,Glia,ARCME,3136,2321,1523,2100,3526,592
campbell2017_lvl2,ARCME,s33.a1_tanycytes2,ARCME-TANY3,Tspan7/Ldha/Pole4,Tanycyte,NA,Glia,ARCME,1594,1188,591,1355,1869,68
campbell2017_lvl2,ARCME,s34.a1_tanycytes1,ARCME-TANY4,Ntrk2/Tgfb2/Gpr50,Tanycyte,NA,Glia,ARCME,2381,2006,1319,1918,2714,334
campbell2017_lvl2,ARCME,s35.b1_tanycytes,ARCME-TANY5,6330403K07Rik/Crym/Frzb,Tanycyte,NA,Glia,ARCME,2693,2628,1986,2373,3640,1933
campbell2017_lvl2,ARCME,s36.a2_tanycytes,ARCME-TANY6,Pdzph1/Kctd14/6330403K07Rik,Tanycyte,NA,Glia,ARCME,2315,2005,1802,2212,3129,1169
chen2017,HYPC,Astro,HYPC-ASTRO1,Gja1/Ppap2b,Astrocyte,NA,Glia,HYPC,981,746,788,1225,1522,45
chen2017,HYPC,Ependy,HYPC-EPENDY1,Rarres2/Dbi,Ependymal,NA,Glia,HYPC,2264,2204,1730,2131,2724,123
chen2017,HYPC,Epith1,HYPC-EPITH1,Itm2a/Slco1a4,Epithelial,NA,Vascular,HYPC,1891,1675,1276,1828,2181,60
chen2017,HYPC,Epith2,HYPC-EPITH2,Timp3/Slc9a3r2,Epithelial,NA,Vascular,HYPC,2148,1889,1270,1891,2393,58
chen2017,HYPC,Macro,HYPC-MACRO1,Pf4/Lyz2,Macrophage,NA,Immune,HYPC,1483,1433,567,1642,1911,14
chen2017,HYPC,Micro,HYPC-MICRO1,Hexb/Ctss,Microglia,NA,Immune,HYPC,924,751,518,985,1293,23
chen2017,HYPC,MO,HYPC-MO1,Mog/Plp1,Oligodendrocyte,myelinating_oligodendrocyte,Glia,HYPC,1338,1160,1604,1424,2076,265
chen2017,HYPC,GABA1,HYPC-NEURO1,Pvalb/Cplx3,Neuron,NA,Neuron,HYPC,1142,479,322,327,1282,10
chen2017,HYPC,GABA18,HYPC-NEURO10,1500016L03Rik/Coch,Neuron,NA,Neuron,HYPC,1172,446,192,180,1309,23
chen2017,HYPC,GABA2,HYPC-NEURO11,St18/Npas1,Neuron,NA,Neuron,HYPC,991,308,357,288,1141,19
chen2017,HYPC,GABA3,HYPC-NEURO12,Meis2/Arpp21,Neuron,NA,Neuron,HYPC,1351,594,667,568,1575,42
chen2017,HYPC,GABA4,HYPC-NEURO13,Arx/Gm13498,Neuron,NA,Neuron,HYPC,975,399,169,227,1120,13
chen2017,HYPC,GABA5,HYPC-NEURO14,Lhx6/Lhx8,Neuron,NA,Neuron,HYPC,1733,879,496,468,2007,48
chen2017,HYPC,GABA6,HYPC-NEURO15,Pax6/Myh7,Neuron,NA,Neuron,HYPC,1141,504,397,414,1376,28
chen2017,HYPC,GABA7,HYPC-NEURO16,Th/Unc13c,Neuron,NA,Neuron,HYPC,963,431,378,417,1102,13
chen2017,HYPC,GABA8,HYPC-NEURO17,Dlk1/Vgf,Neuron,NA,Neuron,HYPC,1108,247,527,266,1391,115
chen2017,HYPC,GABA9,HYPC-NEURO18,1500016L03Rik/Lhx1,Neuron,NA,Neuron,HYPC,850,289,385,292,991,23
chen2017,HYPC,Glu1,HYPC-NEURO19,Rasd1/Rgs2,Neuron,NA,Neuron,HYPC,599,192,242,149,686,11
chen2017,HYPC,GABA10,HYPC-NEURO2,Prok2/Gal,Neuron,NA,Neuron,HYPC,1290,886,224,324,1569,14
chen2017,HYPC,Glu10,HYPC-NEURO20,Trh/Bdnf,Neuron,NA,Neuron,HYPC,662,242,194,196,750,12
chen2017,HYPC,Glu11,HYPC-NEURO21,Tac2/Kiss1,Neuron,NA,Neuron,HYPC,1084,397,426,303,1246,30
chen2017,HYPC,Glu12,HYPC-NEURO22,Lhx9/Vgll2,Neuron,NA,Neuron,HYPC,956,486,203,281,1140,17
chen2017,HYPC,Glu13,HYPC-NEURO23,Pomc/Cartpt,Neuron,NA,Neuron,HYPC,998,287,268,188,1120,16
chen2017,HYPC,Glu14,HYPC-NEURO24,Avp/Pcsk1,Neuron,NA,Neuron,HYPC,1246,607,319,247,1485,30
chen2017,HYPC,Glu15,HYPC-NEURO25,Sst/Nhlh2,Neuron,NA,Neuron,HYPC,1109,459,261,241,1297,22
chen2017,HYPC,Glu2,HYPC-NEURO26,Sln/Calb2,Neuron,NA,Neuron,HYPC,917,361,349,355,1029,13
chen2017,HYPC,Glu3,HYPC-NEURO27,Nrn1/Fezf2,Neuron,NA,Neuron,HYPC,902,305,304,313,997,10
chen2017,HYPC,Glu4,HYPC-NEURO28,Tcf7l2/Shox2,Neuron,NA,Neuron,HYPC,1978,957,447,467,2178,68
chen2017,HYPC,Glu5,HYPC-NEURO29,Foxb1/Cpne9,Neuron,NA,Neuron,HYPC,1794,982,654,563,2116,83
chen2017,HYPC,GABA11,HYPC-NEURO3,Ghrh/Gal,Neuron,NA,Neuron,HYPC,1221,464,422,297,1396,25
chen2017,HYPC,Glu6,HYPC-NEURO30,Tac1/Aldh3b2,Neuron,NA,Neuron,HYPC,1455,996,253,412,1760,19
chen2017,HYPC,Glu7,HYPC-NEURO31,Nrgn/Fezf1,Neuron,NA,Neuron,HYPC,1886,742,587,430,2141,96
chen2017,HYPC,Glu8,HYPC-NEURO32,Ptprr/Lhx9,Neuron,NA,Neuron,HYPC,1777,873,279,280,2020,37
chen2017,HYPC,Glu9,HYPC-NEURO33,Samd3/Gng8,Neuron,NA,Neuron,HYPC,1137,404,265,211,1291,26
chen2017,HYPC,Hista,HYPC-NEURO34,Prph/Wif1,Neuron,NA,Neuron,HYPC,1002,532,325,427,1164,11
chen2017,HYPC,GABA12,HYPC-NEURO4,Crabp1/Tbx3,Neuron,NA,Neuron,HYPC,1376,725,334,371,1620,38
chen2017,HYPC,GABA13,HYPC-NEURO5,Gal/Hmx3,Neuron,NA,Neuron,HYPC,1981,885,439,272,2280,113
chen2017,HYPC,GABA14,HYPC-NEURO6,Sst/Sstr1,Neuron,NA,Neuron,HYPC,1446,564,432,312,1667,42
chen2017,HYPC,GABA15,HYPC-NEURO7,Npy/Agrp,Neuron,NA,Neuron,HYPC,1678,787,601,393,2046,68
chen2017,HYPC,GABA16,HYPC-NEURO8,Asb4/Cox6a2,Neuron,NA,Neuron,HYPC,1295,424,478,343,1553,50
chen2017,HYPC,GABA17,HYPC-NEURO9,Prlr/Slc18a2,Neuron,NA,Neuron,HYPC,1645,770,319,316,1854,30
chen2017,HYPC,IMO,HYPC-OLIGO1,Fyn/Bcas1,Oligodendrocyte,immature_oligodendrocyte,Glia,HYPC,1395,823,1316,1217,1895,68
chen2017,HYPC,OPC,HYPC-OPC1,Serpine2/Olig1,Oligodendrocyte,NA,Glia,HYPC,1643,1298,1503,1618,2344,248
chen2017,HYPC,POPC,HYPC-OPC2,Top2a/Cdca3,Oligodendrocyte,proliferating_oligodendrocyte_progenitor,Glia,HYPC,1078,536,578,774,1265,23
chen2017,HYPC,Tany,HYPC-TANY1,Prdx6/Cst3,Tanycyte,NA,Glia,HYPC,2037,1872,1445,1886,2591,123
romanov2017,HYPR,astrocytes,HYPR-ASTRO1,NA,Astrocyte,NA,Glia,HYPR,713,602,1669,1578,1922,267
romanov2017,HYPR,ependymal,HYPR-EPENDY1,NA,Ependymal,NA,Glia,HYPR,1615,1614,1783,1884,2529,356
romanov2017,HYPR,endothelial,HYPR-EPI1,NA,Epithelial,NA,Vascular,HYPR,1294,1202,1686,1813,2156,240
romanov2017,HYPR,microglia,HYPR-MICRO1,NA,Microglia,NA,Immune,HYPR,506,440,1348,1282,1424,48
romanov2017,HYPR,vsm,HYPR-MURAL1,NA,Mural,Vascular smooth muscle,Vascular,HYPR,660,557,1607,1684,1815,71
romanov2017,HYPR,Adcyap1_1_Tac1,HYPR-NEURO1,Adcyap1/Tac1,Neuron,NA,Neuron,HYPR,1482,867,249,148,1722,14
romanov2017,HYPR,Dopamine_2_low_VMAT2,HYPR-NEURO10,Dopamine/VMAT2,Neuron,NA,Neuron,HYPR,955,579,248,133,1178,7
romanov2017,HYPR,Dopamine_3,HYPR-NEURO11,Dopamine,Neuron,NA,Neuron,HYPR,1688,2068,182,262,2464,12
romanov2017,HYPR,Dopamine_4,HYPR-NEURO12,Dopamine,Neuron,NA,Neuron,HYPR,1038,933,123,130,1472,5
romanov2017,HYPR,GABA_10,HYPR-NEURO13,GABA,Neuron,NA,Neuron,HYPR,1844,1109,326,185,2150,20
romanov2017,HYPR,GABA_11_Nts_1,HYPR-NEURO14,GABA/Nts,Neuron,NA,Neuron,HYPR,2280,2124,171,137,2733,25
romanov2017,HYPR,GABA_12_Nts_2,HYPR-NEURO15,GABA/Nts,Neuron,NA,Neuron,HYPR,2212,1874,214,124,2581,26
romanov2017,HYPR,GABA_13_Galanin,HYPR-NEURO16,GABA/Galanin,Neuron,NA,Neuron,HYPR,1905,1274,216,97,2165,23
romanov2017,HYPR,GABA_14_Npy_Agrp,HYPR-NEURO17,GABA/Npy/Agrp,Neuron,NA,Neuron,HYPR,1174,734,283,255,1491,13
romanov2017,HYPR,GABA_15_Npynegmedium,HYPR-NEURO18,GABA/Npynegmedium,Neuron,NA,Neuron,HYPR,912,842,215,369,1287,7
romanov2017,HYPR,GABA_2_Gucy1a3,HYPR-NEURO19,GABA/Gucy1a3,Neuron,NA,Neuron,HYPR,1585,1048,272,167,1958,19
romanov2017,HYPR,Adcyap1_2,HYPR-NEURO2,Adcyap1,Neuron,NA,Neuron,HYPR,1812,1360,293,189,2171,20
romanov2017,HYPR,GABA_3_Crhpos_neg_Lhx6,HYPR-NEURO20,GABA/Crhpos/Lhx6,Neuron,NA,Neuron,HYPR,2011,1347,222,126,2285,20
romanov2017,HYPR,GABA_4_Crhpos_neg_Pgr15l,HYPR-NEURO21,GABA/Crhpos/Pgr15l,Neuron,NA,Neuron,HYPR,1619,905,373,226,1868,24
romanov2017,HYPR,GABA_5_Calcr_Lhx1,HYPR-NEURO22,GABA/Calcr/Lhx1,Neuron,NA,Neuron,HYPR,1771,1036,487,298,2124,32
romanov2017,HYPR,GABA_6_Otof_Lhx1,HYPR-NEURO23,GABA/Otof/Lhx1,Neuron,NA,Neuron,HYPR,1186,629,368,218,1392,24
romanov2017,HYPR,GABA_7_Pomcpos_neg,HYPR-NEURO24,GABA/Pomcpos,Neuron,NA,Neuron,HYPR,1456,963,473,283,1780,27
romanov2017,HYPR,GABA_8,HYPR-NEURO25,GABA,Neuron,NA,Neuron,HYPR,1532,1457,376,311,1959,15
romanov2017,HYPR,GABA_9,HYPR-NEURO26,GABA,Neuron,NA,Neuron,HYPR,1995,1387,213,126,2240,22
romanov2017,HYPR,GABA1,HYPR-NEURO27,GABA1,Neuron,NA,Neuron,HYPR,1630,1298,256,229,1982,14
romanov2017,HYPR,Gadneglow_Gnrhneg_pos,HYPR-NEURO28,Gadneglow/Gnrhneg,Neuron,NA,Neuron,HYPR,827,481,418,334,1095,9
romanov2017,HYPR,Hcrt,HYPR-NEURO29,Hcrt,Neuron,NA,Neuron,HYPR,1226,811,380,246,1515,14
romanov2017,HYPR,Avp_1_high,HYPR-NEURO3,Avp,Neuron,NA,Neuron,HYPR,1072,658,419,297,1356,9
romanov2017,HYPR,Hmitpos_neg,HYPR-NEURO30,Hmitpos,Neuron,NA,Neuron,HYPR,1338,966,432,310,1676,24
romanov2017,HYPR,Npvf,HYPR-NEURO31,Npvf,Neuron,NA,Neuron,HYPR,634,474,274,214,884,6
romanov2017,HYPR,Oxytocin_1,HYPR-NEURO32,Oxytocin,Neuron,NA,Neuron,HYPR,1105,897,241,198,1507,9
romanov2017,HYPR,Oxytocin_2,HYPR-NEURO33,Oxytocin,Neuron,NA,Neuron,HYPR,730,652,102,79,1029,7
romanov2017,HYPR,Oxytocin_3,HYPR-NEURO34,Oxytocin,Neuron,NA,Neuron,HYPR,952,898,356,402,1439,11
romanov2017,HYPR,Oxytocin_4,HYPR-NEURO35,Oxytocin,Neuron,NA,Neuron,HYPR,1110,724,309,199,1379,10
romanov2017,HYPR,Pmch,HYPR-NEURO36,Pmch,Neuron,NA,Neuron,HYPR,254,387,103,80,515,4
romanov2017,HYPR,Sst_1_low,HYPR-NEURO37,Sst,Neuron,NA,Neuron,HYPR,1427,846,289,174,1703,17
romanov2017,HYPR,Sst_2_high,HYPR-NEURO38,Sst,Neuron,NA,Neuron,HYPR,1054,704,326,228,1325,9
romanov2017,HYPR,Sst_3_medium,HYPR-NEURO39,Sst,Neuron,NA,Neuron,HYPR,1149,960,327,277,1554,12
romanov2017,HYPR,Avp_2_high,HYPR-NEURO4,Avp,Neuron,NA,Neuron,HYPR,913,982,236,311,1348,8
romanov2017,HYPR,Trh_1_low,HYPR-NEURO40,Trh,Neuron,NA,Neuron,HYPR,1520,837,561,329,1847,26
romanov2017,HYPR,Trh_2_medium,HYPR-NEURO41,Trh,Neuron,NA,Neuron,HYPR,1481,1023,419,308,1775,20
romanov2017,HYPR,Trh_3_high,HYPR-NEURO42,Trh,Neuron,NA,Neuron,HYPR,1002,668,286,227,1285,9
romanov2017,HYPR,Vglut2_11,HYPR-NEURO43,Vglut2,Neuron,NA,Neuron,HYPR,2021,1958,202,331,2613,12
romanov2017,HYPR,Vglut2_12_Mgat4b,HYPR-NEURO44,Vglut2/Mgat4b,Neuron,NA,Neuron,HYPR,990,1200,103,235,1479,4
romanov2017,HYPR,Vglut2_13Ninl_Rfx5_Zfp346,HYPR-NEURO45,Vglut2/Ninl/Rfx5/Zfp346,Neuron,NA,Neuron,HYPR,1159,1388,81,190,1647,5
romanov2017,HYPR,Vglut2_14_Col9a2,HYPR-NEURO46,Vglut2/Col9a2,Neuron,NA,Neuron,HYPR,844,496,326,295,1049,5
romanov2017,HYPR,Vglut2_15_Hcn1_6430411K18Rik,HYPR-NEURO47,Vglut2/Hcn1/K18Rik,Neuron,NA,Neuron,HYPR,1033,962,226,324,1362,4
romanov2017,HYPR,Vglut2_2_Crhpos_neg,HYPR-NEURO48,Vglut2/Crhpos,Neuron,NA,Neuron,HYPR,966,505,302,158,1277,15
romanov2017,HYPR,Vglut2_3_Crhnegpos_neg_low,HYPR-NEURO49,Vglut2/Crhnegpos,Neuron,NA,Neuron,HYPR,1607,699,463,220,1931,40
romanov2017,HYPR,Avp_3_medium,HYPR-NEURO5,Avp,Neuron,NA,Neuron,HYPR,993,684,265,176,1212,8
romanov2017,HYPR,Vglut2_4,HYPR-NEURO50,Vglut2,Neuron,NA,Neuron,HYPR,933,884,240,238,1319,4
romanov2017,HYPR,Vglut2_6_Prmt8_Ugdh,HYPR-NEURO51,Vglut2/Prmt8/Ugdh,Neuron,NA,Neuron,HYPR,1160,735,164,131,1345,11
romanov2017,HYPR,Vglut2_7_Pgam_Snx12,HYPR-NEURO52,Vglut2/Pgam/Snx12,Neuron,NA,Neuron,HYPR,837,437,478,350,1079,6
romanov2017,HYPR,Vglut2_8,HYPR-NEURO53,Vglut2,Neuron,NA,Neuron,HYPR,794,428,493,322,1023,9
romanov2017,HYPR,Vglut2_9_Gpr149,HYPR-NEURO54,Vglut2/Gpr149,Neuron,NA,Neuron,HYPR,769,408,380,264,968,6
romanov2017,HYPR,circadian_1_Vip_Grppos_neg,HYPR-NEURO6,circadian/Vip/Grppos,Neuron,NA,Neuron,HYPR,596,254,497,303,804,6
romanov2017,HYPR,circadian_2_Nms_VIPpos_neg,HYPR-NEURO7,circadian/Nms/VIPpos,Neuron,NA,Neuron,HYPR,746,340,541,300,983,12
romanov2017,HYPR,circadian_3_Per2,HYPR-NEURO8,circadian/Per2,Neuron,NA,Neuron,HYPR,631,178,468,178,880,13
romanov2017,HYPR,Dopamine_1,HYPR-NEURO9,Dopamine,Neuron,NA,Neuron,HYPR,1666,1218,141,113,2034,17
romanov2017,HYPR,oligos,HYPR-OLIGO1,NA,Oligodendrocyte,NA,Glia,HYPR,1316,1236,1652,1297,2117,1001
mikkelsen2019,LHA,Nonneuronal_6,LHA-ASTRO1,Slc7a10/Gja1/Aqp4/Agt,Astrocyte,NA,Glia,LHA,1274,984,2000,2002,2361,358
mikkelsen2019,LHA,Nonneuronal_8,LHA-ASTRO2,Gfap/Gja1/Aqp4/Agt,Astrocyte,NA,Glia,LHA,1169,920,535,1342,1503,22
mikkelsen2019,LHA,Nonneuronal_2,LHA-EPI1,Flt1,Epithelial,NA,Vascular,LHA,2327,1877,1942,2348,2682,303
mikkelsen2019,LHA,Nonneuronal_5,LHA-FIBRO1,Pdgfra/Col1a2/Gja1,Fibroblast,NA,Other,LHA,1593,1253,1062,1930,2124,56
mikkelsen2019,LHA,Nonneuronal_7,LHA-MACRO1,C1qa/Cx3cr1/Mrc1,Macrophage,NA,Immune,LHA,933,748,729,1348,1411,27
mikkelsen2019,LHA,Nonneuronal_10,LHA-MICRO1,C1qa/Cx3cr1/Tmem119,Microglia,NA,Immune,LHA,1065,775,1260,1574,1663,71
mikkelsen2019,LHA,Nonneuronal_9,LHA-MURAL1,Cspg4/Acta2,Mural,Pericyte,Vascular,LHA,1023,741,790,1267,1420,35
mikkelsen2019,LHA,GABA_1,LHA-NEURO1,Slc32a1/Gal/Dlk1,Neuron,NA,Neuron,LHA,4972,4917,585,1365,5641,450
mikkelsen2019,LHA,GABA_10,LHA-NEURO10,Slc32a1/Sst/Meis2,Neuron,NA,Neuron,LHA,2516,1125,231,441,2713,60
mikkelsen2019,LHA,GABA_11,LHA-NEURO11,Slc32a1/Col25a/Otp,Neuron,NA,Neuron,LHA,2449,1237,341,587,2610,58
mikkelsen2019,LHA,GABA_12,LHA-NEURO12,Slc32a1/Th/Slc18a,Neuron,NA,Neuron,LHA,2700,1693,157,354,3034,45
mikkelsen2019,LHA,GABA_13,LHA-NEURO13,Slc32a1/Sst/Otp,Neuron,NA,Neuron,LHA,2437,1295,418,620,2591,70
mikkelsen2019,LHA,GABA_14,LHA-NEURO14,Slc32a1/Atp1a,Neuron,NA,Neuron,LHA,1801,945,274,638,2080,65
mikkelsen2019,LHA,GABA_15,LHA-NEURO15,Slc32a1/Calb1/Cbln4,Neuron,NA,Neuron,LHA,1997,809,193,395,2096,44
mikkelsen2019,LHA,Glut_1,LHA-NEURO16,Slc17a6/Pmch/Gad1,Neuron,NA,Neuron,LHA,3325,4809,544,1064,5194,119
mikkelsen2019,LHA,Glut_2,LHA-NEURO17,Slc17a6/Nrgn/Gda,Neuron,NA,Neuron,LHA,4362,3643,431,833,4691,186
mikkelsen2019,LHA,Glut_3,LHA-NEURO18,Slc17a6/Zic1/Gad1,Neuron,NA,Neuron,LHA,2803,1404,245,471,2950,59
mikkelsen2019,LHA,Glut_4,LHA-NEURO19,Slc17a6/Tac1/Pitx2,Neuron,NA,Neuron,LHA,3403,2824,245,734,3908,93
mikkelsen2019,LHA,GABA_2,LHA-NEURO2,Slc32a1/Npy/Npw,Neuron,NA,Neuron,LHA,2145,727,334,495,2235,125
mikkelsen2019,LHA,Glut_5,LHA-NEURO20,Slc17a6/Ebf3/Otp,Neuron,NA,Neuron,LHA,4597,4434,493,1196,5189,300
mikkelsen2019,LHA,Glut_6,LHA-NEURO21,Slc17a6/Hcrt,Neuron,NA,Neuron,LHA,3636,4095,657,1049,4678,162
mikkelsen2019,LHA,Glut_7,LHA-NEURO22,Slc17a6/Gpr101/Tcf4,Neuron,NA,Neuron,LHA,1937,604,167,251,2053,41
mikkelsen2019,LHA,Glut_8,LHA-NEURO23,Slc17a6/Trh/Cbln2,Neuron,NA,Neuron,LHA,3028,1723,122,302,3326,52
mikkelsen2019,LHA,Glut_9,LHA-NEURO24,Slc17a6/Synpr/Gad1,Neuron,NA,Neuron,LHA,4232,3251,500,917,4504,181
mikkelsen2019,LHA,Glut_10,LHA-NEURO25,Slc17a6/Grp/Cck,Neuron,NA,Neuron,LHA,1889,906,268,519,2062,49
mikkelsen2019,LHA,Glut_11,LHA-NEURO26,Slc17a6/Calca/Col27a,Neuron,NA,Neuron,LHA,1238,566,391,711,1486,47
mikkelsen2019,LHA,Glut_12,LHA-NEURO27,Slc17a6/Trh/Syt2,Neuron,NA,Neuron,LHA,3743,3786,319,763,4563,79
mikkelsen2019,LHA,Glut_13,LHA-NEURO28,Slc17a6/Syt2/Meis2_Gad1,Neuron,NA,Neuron,LHA,2763,1943,290,673,3105,54
mikkelsen2019,LHA,Glut_14,LHA-NEURO29,Slc17a6/Otp/Gpr101,Neuron,NA,Neuron,LHA,3322,2183,184,420,3624,75
mikkelsen2019,LHA,GABA_3,LHA-NEURO3,Slc32a1/Nts/Cartpt,Neuron,NA,Neuron,LHA,3307,2875,351,731,3773,75
mikkelsen2019,LHA,Glut_15,LHA-NEURO30,Slc17a6/Sst,Neuron,NA,Neuron,LHA,1987,988,275,558,2163,40
mikkelsen2019,LHA,GABA_4,LHA-NEURO4,Slc32a1/Unassigned,Neuron,NA,Neuron,LHA,1540,709,584,1341,1819,58
mikkelsen2019,LHA,GABA_5,LHA-NEURO5,Slc32a1/Meis2/Calb2,Neuron,NA,Neuron,LHA,4115,3696,364,852,4585,210
mikkelsen2019,LHA,GABA_6,LHA-NEURO6,Slc32a1/Sst/Col25a,Neuron,NA,Neuron,LHA,2217,1430,170,430,2539,27
mikkelsen2019,LHA,GABA_7,LHA-NEURO7,Slc32a1/Tac2/Serpini1,Neuron,NA,Neuron,LHA,5458,5665,660,1589,6193,466
mikkelsen2019,LHA,GABA_8,LHA-NEURO8,Slc32a1/Lhx/Tcf4,Neuron,NA,Neuron,LHA,2825,1512,335,631,3098,103
mikkelsen2019,LHA,GABA_9,LHA-NEURO9,Slc32a1/Cbln2/Calb1,Neuron,NA,Neuron,LHA,2786,1440,208,489,3007,44
mikkelsen2019,LHA,Nonneuronal_1,LHA-OLIGO1,Olig1/Mag/Opalin,Oligodendrocyte,Mature_oligo,Glia,LHA,1285,1294,2677,2076,2689,1196
mikkelsen2019,LHA,Nonneuronal_13,LHA-OPC1,Olig1/Mag/Pdgfra/Fyn,Oligodendrocyte,Immature_oligo,Glia,LHA,2171,1513,1508,2110,2580,182
mikkelsen2019,LHA,Nonneuronal_3,LHA-OPC2,Olig1/Cspg4/Pdgfra,Oligodendrocyte,Proliferating_oligo,Glia,LHA,1400,847,1432,1994,2287,186
mikkelsen2019,LHA,Nonneuronal_11,LHA-OTHER1,doublets,Other,Doublets,Other,LHA,1405,1109,587,1333,1666,33
mikkelsen2019,LHA,Nonneuronal_12,LHA-OTHER2,doublets,Other,Doublets,Other,LHA,1646,1298,181,658,2156,21
mikkelsen2019,LHA,Nonneuronal_4,LHA-RBC1,Hba-a1,RBC,Red Blood Cells,Other,LHA,29,33,1385,907,1385,46
moffitt2018,POA,Astrocytes_1,POA-ASTRO1,NA,Astrocyte,NA,Glia,POA,1986,1533,1996,2411,2858,793
moffitt2018,POA,Astrocytes_2,POA-ASTRO2,NA,Astrocyte,NA,Glia,POA,1458,1057,983,1722,1879,64
moffitt2018,POA,Ependymal_1,POA-EPENDY1,NA,Ependymal,NA,Glia,POA,1989,1408,934,1730,2288,69
moffitt2018,POA,Endothelial_1,POA-EPI1,NA,Epithelial,NA,Vascular,POA,2510,1971,1948,2388,3040,467
moffitt2018,POA,Endothelial_2,POA-EPI2,NA,Epithelial,NA,Vascular,POA,1083,1131,794,1644,1687,39
moffitt2018,POA,Endothelial_3,POA-EPI3,NA,Epithelial,NA,Vascular,POA,1802,1591,828,1799,2117,35
moffitt2018,POA,Fibroblast_1,POA-FIBRO1,NA,Fibroblast,fibroblast,Other,POA,2052,1739,930,1827,2301,72
moffitt2018,POA,Macrophage_1,POA-MACRO1,NA,Macrophage,NA,Immune,POA,1439,1244,912,1691,1911,79
moffitt2018,POA,Microglia_1,POA-MICRO1,NA,Microglia,NA,Immune,POA,2092,1968,2606,2508,2934,767
moffitt2018,POA,Microglia_2,POA-MICRO2,NA,Microglia,NA,Immune,POA,1552,1183,1048,1758,1908,61
moffitt2018,POA,Mural_1,POA-MURAL1,NA,Mural,NA,Vascular,POA,2147,1603,1718,2054,2617,364
moffitt2018,POA,Mural_2,POA-MURAL2,NA,Mural,NA,Vascular,POA,1795,1449,1560,2077,2329,149
moffitt2018,POA,e1_Glut,POA-NEURO1,Glut,Neuron,NA,Neuron,POA,4369,2483,680,831,4889,573
moffitt2018,POA,e2_Tac1_Fezf1,POA-NEURO10,Tac1/Fezf1,Neuron,NA,Neuron,POA,4816,3737,631,1041,5379,389
moffitt2018,POA,e20_Crh,POA-NEURO11,Crh,Neuron,NA,Neuron,POA,2641,1891,331,637,3232,49
moffitt2018,POA,e21_Glut_Rxpf3,POA-NEURO12,Glut/Rxpf3,Neuron,NA,Neuron,POA,2770,1533,478,1015,3053,46
moffitt2018,POA,e22_Gal_Ucn3,POA-NEURO13,Gal/Ucn3,Neuron,NA,Neuron,POA,1801,1056,278,397,2159,25
moffitt2018,POA,e23_Reln_Etv1,POA-NEURO14,Reln/Etv1,Neuron,NA,Neuron,POA,2017,1240,337,575,2426,22
moffitt2018,POA,e24_Gal_Rxfp1_,POA-NEURO15,Gal/Rxfp1,Neuron,NA,Neuron,POA,1846,1222,269,465,2187,18
moffitt2018,POA,e3_Cartpt_Isl1,POA-NEURO16,Cartpt/Isl1,Neuron,NA,Neuron,POA,4893,3447,598,808,5422,269
moffitt2018,POA,e4_Trh_Angpt1,POA-NEURO17,Trh/Angpt1,Neuron,NA,Neuron,POA,4205,3070,535,812,4779,219
moffitt2018,POA,e5_Adcyap1_Nkx2.1,POA-NEURO18,Adcyap1/Nkx2,Neuron,NA,Neuron,POA,4974,3432,496,724,5421,211
moffitt2018,POA,e6_Nos1_Trp73,POA-NEURO19,Nos1/Trp73,Neuron,NA,Neuron,POA,4065,2359,553,891,4383,207
moffitt2018,POA,e10_Glut_Meis2,POA-NEURO2,Glut/Meis2,Neuron,NA,Neuron,POA,3983,2677,497,817,4442,151
moffitt2018,POA,e7_Reln_C1ql1,POA-NEURO20,Reln/C1ql1,Neuron,NA,Neuron,POA,3578,2002,521,726,4011,171
moffitt2018,POA,e8_Cck_Ebf3,POA-NEURO21,Cck/Ebf3,Neuron,NA,Neuron,POA,2029,1055,713,785,2313,168
moffitt2018,POA,e9_Glut_Tcf7l2,POA-NEURO22,Glut/Tcf7l2,Neuron,NA,Neuron,POA,3579,1986,556,863,3820,167
moffitt2018,POA,h1_Gaba_Slc17a6,POA-NEURO23,Gaba/Slc17a6,Neuron,NA,Neuron,POA,2508,1038,304,558,2752,89
moffitt2018,POA,h2_Nts_Slc17a8,POA-NEURO24,Nts/Slc17a8,Neuron,NA,Neuron,POA,4625,3234,611,985,5049,317
moffitt2018,POA,h3_Slc32a1_Gsc,POA-NEURO25,Slc32a1/Gsc,Neuron,NA,Neuron,POA,3683,1721,387,592,3999,111
moffitt2018,POA,i1_Gaba,POA-NEURO26,Gaba,Neuron,NA,Neuron,POA,4303,2962,748,1513,4950,1343
moffitt2018,POA,i10_Tac1_Nts,POA-NEURO27,Tac1/Nts,Neuron,NA,Neuron,POA,4861,3356,1276,1496,5255,573
moffitt2018,POA,i11_Gaba,POA-NEURO28,Gaba,Neuron,NA,Neuron,POA,4058,2662,1033,1320,4659,570
moffitt2018,POA,i12_Gaba,POA-NEURO29,Gaba,Neuron,NA,Neuron,POA,4163,2365,552,625,4604,447
moffitt2018,POA,e11_Glut_Shox2,POA-NEURO3,Glut/Shox2,Neuron,NA,Neuron,POA,3692,2084,484,745,4069,133
moffitt2018,POA,i13_Gaba,POA-NEURO30,Gaba,Neuron,NA,Neuron,POA,4468,2902,731,1087,4836,434
moffitt2018,POA,i14_Avp_Cck,POA-NEURO31,Avp/Cck,Neuron,NA,Neuron,POA,2989,1546,935,921,3307,356
moffitt2018,POA,i15_Gaba,POA-NEURO32,Gaba,Neuron,NA,Neuron,POA,5177,3345,561,651,5581,348
moffitt2018,POA,i16_Gal_Th,POA-NEURO33,Gal/Th,Neuron,NA,Neuron,POA,4905,4240,632,823,5626,347
moffitt2018,POA,i17_Th_Nos1,POA-NEURO34,Th/Nos1,Neuron,NA,Neuron,POA,4345,2505,563,803,4702,334
moffitt2018,POA,i18_Gal_Tac2,POA-NEURO35,Gal/Tac2,Neuron,NA,Neuron,POA,4426,3107,528,793,4939,331
moffitt2018,POA,i2_Tac1_Pdyn,POA-NEURO36,Tac1/Pdyn,Neuron,NA,Neuron,POA,4568,3296,1534,1797,5112,1065
moffitt2018,POA,i20_Gal_Moxd1,POA-NEURO37,Gal/Moxd1,Neuron,NA,Neuron,POA,4369,2404,625,687,4762,297
moffitt2018,POA,i21_Sst_Pou3f3,POA-NEURO38,Sst/Pou3f3,Neuron,NA,Neuron,POA,4355,2756,692,895,4699,272
moffitt2018,POA,i22_Gal_Pmaip1,POA-NEURO39,Gal/Pmaip1,Neuron,NA,Neuron,POA,3350,1860,613,738,3792,246
moffitt2018,POA,e12_Nos1_Foxp2,POA-NEURO4,Nos1/Foxp2,Neuron,NA,Neuron,POA,3401,2307,417,864,3899,127
moffitt2018,POA,i23_Crh_Nts,POA-NEURO40,Crh/Nts,Neuron,NA,Neuron,POA,4076,2613,530,934,4412,235
moffitt2018,POA,i24_Nmu,POA-NEURO41,Nmu,Neuron,NA,Neuron,POA,4370,2775,529,711,4791,215
moffitt2018,POA,i25_Npy_Etv1,POA-NEURO42,Npy/Etv1,Neuron,NA,Neuron,POA,3641,2151,667,991,4011,213
moffitt2018,POA,i26_Tac1_Prok2,POA-NEURO43,Tac1/Prok2,Neuron,NA,Neuron,POA,1350,633,909,1050,1666,189
moffitt2018,POA,i27_Th_Trh,POA-NEURO44,Th/Trh,Neuron,NA,Neuron,POA,3451,1737,449,585,3756,159
moffitt2018,POA,i28_Gaba_Six6,POA-NEURO45,Gaba/Six6,Neuron,NA,Neuron,POA,3831,1788,362,440,4177,158
moffitt2018,POA,i29_Gaba_Igsf1,POA-NEURO46,Gaba/Igsf1,Neuron,NA,Neuron,POA,3891,2578,479,792,4380,155
moffitt2018,POA,i3_Penk_Nts,POA-NEURO47,Penk/Nts,Neuron,NA,Neuron,POA,3920,2653,1593,1691,4449,984
moffitt2018,POA,i30_Vip,POA-NEURO48,Vip,Neuron,NA,Neuron,POA,1920,1039,737,841,2239,150
moffitt2018,POA,i31_Calca,POA-NEURO49,Calca,Neuron,NA,Neuron,POA,2713,1189,390,493,3056,129
moffitt2018,POA,e13_Ghrh_C1ql1,POA-NEURO5,Ghrh/C1ql1,Neuron,NA,Neuron,POA,3886,2184,410,585,4242,115
moffitt2018,POA,i32_Sst_Npy,POA-NEURO50,Sst/Npy,Neuron,NA,Neuron,POA,2185,1061,464,607,2491,122
moffitt2018,POA,i35_Crh_Tac2,POA-NEURO51,Crh/Tac2,Neuron,NA,Neuron,POA,3019,1117,296,367,3248,103
moffitt2018,POA,i37_Bdnf_Chrm2,POA-NEURO52,Bdnf/Chrm2,Neuron,NA,Neuron,POA,2937,1707,502,851,3247,87
moffitt2018,POA,i38_Kiss1_Th,POA-NEURO53,Kiss1/Th,Neuron,NA,Neuron,POA,2583,1182,303,462,2955,67
moffitt2018,POA,i39_Gaba,POA-NEURO54,Gaba,Neuron,NA,Neuron,POA,2224,945,236,359,2494,54
moffitt2018,POA,i4_Gaba_Mylk,POA-NEURO55,Gaba/Mylk,Neuron,NA,Neuron,POA,3578,1869,1449,1467,4098,873
moffitt2018,POA,i40_Sst_Reln,POA-NEURO56,Sst/Reln,Neuron,NA,Neuron,POA,2045,1108,319,624,2311,46
moffitt2018,POA,i41_Npy_Penk,POA-NEURO57,Npy/Penk,Neuron,NA,Neuron,POA,2164,983,270,402,2419,42
moffitt2018,POA,i42_Pthlh,POA-NEURO58,Pthlh,Neuron,NA,Neuron,POA,2090,1065,317,542,2368,40
moffitt2018,POA,i43_Chat,POA-NEURO59,Chat,Neuron,NA,Neuron,POA,2006,1401,337,680,2447,38
moffitt2018,POA,e15_Ucn3_Brs3,POA-NEURO6,Ucn3/Brs3,Neuron,NA,Neuron,POA,3697,2245,412,767,4081,110
moffitt2018,POA,i44_Th_Cxcl14,POA-NEURO60,Th/Cxcl14,Neuron,NA,Neuron,POA,1866,1135,405,632,2139,30
moffitt2018,POA,i45_Bdnf_Pmaip1,POA-NEURO61,Bdnf/Pmaip1,Neuron,NA,Neuron,POA,1148,476,358,582,1345,26
moffitt2018,POA,i5_Gaba_Pou3f3,POA-NEURO62,Gaba/Pou3f3,Neuron,NA,Neuron,POA,5260,4224,989,1507,5752,784
moffitt2018,POA,i6_Avp_Nms,POA-NEURO63,Avp/Nms,Neuron,NA,Neuron,POA,3113,2156,1350,1332,3673,751
moffitt2018,POA,i7_Gaba,POA-NEURO64,Gaba,Neuron,NA,Neuron,POA,5600,4948,780,1135,6412,711
moffitt2018,POA,i8_Gal_Amigo2,POA-NEURO65,Gal/Amigo2,Neuron,NA,Neuron,POA,5202,3504,645,630,5729,705
moffitt2018,POA,i9_Gaba,POA-NEURO66,Gaba,Neuron,NA,Neuron,POA,4692,2978,612,672,5252,607
moffitt2018,POA,e16_Sst_Cartpt,POA-NEURO7,Sst/Cartpt,Neuron,NA,Neuron,POA,2729,1706,433,571,3174,92
moffitt2018,POA,e17_Th_Adcyap1,POA-NEURO8,Th/Adcyap1,Neuron,NA,Neuron,POA,3086,2753,429,836,4046,77
moffitt2018,POA,e19_Ghrh_Trh,POA-NEURO9,Ghrh/Trh,Neuron,NA,Neuron,POA,2741,1820,300,669,3175,61
moffitt2018,POA,Mature_oligodendrocyte_1,POA-OLIGO3,mature,Oligodendrocyte,NA,Glia,POA,1617,1453,2697,2459,3154,3561
moffitt2018,POA,Mature_oligodendrocyte_2,POA-OLIGO4,mature,Oligodendrocyte,NA,Glia,POA,2072,1695,2872,2445,3110,1637
moffitt2018,POA,Mature_oligodendrocyte_3,POA-OLIGO5,mature,Oligodendrocyte,NA,Glia,POA,2234,1860,2401,2334,2894,620
moffitt2018,POA,Mature_oligodendrocyte_4,POA-OLIGO6,mature,Oligodendrocyte,NA,Glia,POA,3002,2813,2011,2135,3516,578
moffitt2018,POA,Mature_oligodendrocyte_5,POA-OLIGO7,mature,Oligodendrocyte,NA,Glia,POA,3471,4666,1192,2072,5116,262
moffitt2018,POA,Mature_oligodendrocyte_6,POA-OLIGO8,mature,Oligodendrocyte,NA,Glia,POA,1124,584,853,1084,1369,49
moffitt2018,POA,Newly_formed_oligodendrocyte_1,POA-OLIGO9,newly-formed,Oligodendrocyte,NA,Glia,POA,3319,2313,1804,2326,3815,459
moffitt2018,POA,Immature_oligodendrocyte_1,POA-OPC1,immature,Oligodendrocyte,NA,Glia,POA,3493,2426,2196,2678,4249,1632
moffitt2018,POA,Immature_oligodendrocyte_2,POA-OPC2,immature,Oligodendrocyte,NA,Glia,POA,2740,1984,770,1787,3040,60
kimVMH2019_smartseq,VMH,Astro_Aqp4,VMH-ASTRO1,Aqp4,Astrocyte,NA,Glia,VMH,2112,1606,1052,2705,2886,18
kimVMH2019_smartseq,VMH,Endo_Gja5,VMH-EPI1,Gja5,Epithelial,NA,Vascular,VMH,1853,1344,586,1547,2039,6
kimVMH2019_smartseq,VMH,Micro_Siglech,VMH-MICRO1,Siglech,Microglia,NA,Immune,VMH,2123,1758,1737,2773,2934,48
kimVMH2019_smartseq,VMH,Clic4,VMH-NEURO1,Clic4,Neuron,NA,Neuron,VMH,1624,1504,331,940,2301,12
kimVMH2019_smartseq,VMH,Esr1_3_Samd9l_Nmur2,VMH-NEURO10,Esr1/Samd9l/Nmur2,Neuron,NA,Neuron,VMH,1878,700,484,456,2191,100
kimVMH2019_smartseq,VMH,Esr1_4_Smoc2,VMH-NEURO11,Esr1/Smoc2,Neuron,NA,Neuron,VMH,2608,904,431,434,2944,150
kimVMH2019_smartseq,VMH,Esr1_5_Ngf,VMH-NEURO12,Esr1/Ngf,Neuron,NA,Neuron,VMH,2296,1415,743,969,2969,148
kimVMH2019_smartseq,VMH,Esr1_6_Ctxn3,VMH-NEURO13,Esr1/Ctxn3,Neuron,NA,Neuron,VMH,2077,776,358,414,2481,122
kimVMH2019_smartseq,VMH,Irx5,VMH-NEURO14,Irx5,Neuron,NA,Neuron,VMH,1981,1243,274,674,2542,13
kimVMH2019_smartseq,VMH,Lhx1_1,VMH-NEURO15,Lhx1,Neuron,NA,Neuron,VMH,2150,886,535,1024,2401,25
kimVMH2019_smartseq,VMH,Lhx1_2,VMH-NEURO16,Lhx1,Neuron,NA,Neuron,VMH,1751,1022,371,917,2185,11
kimVMH2019_smartseq,VMH,Lhx9,VMH-NEURO17,Lhx9,Neuron,NA,Neuron,VMH,1724,1174,447,779,2135,21
kimVMH2019_smartseq,VMH,Nfib_1_Prdm13,VMH-NEURO18,Nfib/Prdm13,Neuron,NA,Neuron,VMH,1764,896,733,828,2192,91
kimVMH2019_smartseq,VMH,Nfib_2_Car4,VMH-NEURO19,Nfib/Car4,Neuron,NA,Neuron,VMH,2202,1224,420,924,2634,26
kimVMH2019_smartseq,VMH,Dlk1_1_Il1rapl2,VMH-NEURO2,Dlk1/Il1rapl2,Neuron,NA,Neuron,VMH,2639,550,314,280,2915,210
kimVMH2019_smartseq,VMH,Nr5a1_1_Npffr2,VMH-NEURO20,Nr5a1/Npffr2,Neuron,NA,Neuron,VMH,1875,852,709,1076,2665,200
kimVMH2019_smartseq,VMH,Nr5a1_2_Ctxn3,VMH-NEURO21,Nr5a1/Ctxn3,Neuron,NA,Neuron,VMH,2772,1118,575,775,3333,170
kimVMH2019_smartseq,VMH,Nr5a1_3_Car8,VMH-NEURO22,Nr5a1/Car8,Neuron,NA,Neuron,VMH,2174,1312,705,992,2915,155
kimVMH2019_smartseq,VMH,Nr5a1_4_7_Glipr1,VMH-NEURO23,Nr5a1/Glipr1,Neuron,NA,Neuron,VMH,2035,2067,813,1238,3551,420
kimVMH2019_smartseq,VMH,Nr5a1_8_Tcf7l2,VMH-NEURO24,Nr5a1/Tcf7l2,Neuron,NA,Neuron,VMH,2552,993,699,854,3039,175
kimVMH2019_smartseq,VMH,Nr5a1_9_11_Rorb,VMH-NEURO25,Nr5a1/Rorb,Neuron,NA,Neuron,VMH,2454,970,331,355,2881,74
kimVMH2019_smartseq,VMH,Nr5a1_Foxp2_1_Prdm13,VMH-NEURO26,Nr5a1/Foxp2/Prdm13,Neuron,NA,Neuron,VMH,2112,802,769,850,2485,150
kimVMH2019_smartseq,VMH,Nr5a1_Foxp2_2_C1ql2,VMH-NEURO27,Nr5a1/Foxp2/C1ql2,Neuron,NA,Neuron,VMH,2130,853,609,682,2601,216
kimVMH2019_smartseq,VMH,Nr5a1_Foxp2_3,VMH-NEURO28,Nr5a1/Foxp2,Neuron,NA,Neuron,VMH,967,460,225,287,1133,14
kimVMH2019_smartseq,VMH,Nr5a1_Smoc2_low,VMH-NEURO29,Nr5a1/Smoc2/low,Neuron,NA,Neuron,VMH,696,288,566,835,1169,26
kimVMH2019_smartseq,VMH,Dlk1_2_Nts,VMH-NEURO3,Dlk1/Nts,Neuron,NA,Neuron,VMH,1684,889,665,807,2307,146
kimVMH2019_smartseq,VMH,Nup62cl,VMH-NEURO30,Nup62cl,Neuron,NA,Neuron,VMH,1259,233,152,109,1344,91
kimVMH2019_smartseq,VMH,Satb2_Calcrl,VMH-NEURO31,Satb2/Calcrl,Neuron,NA,Neuron,VMH,1987,858,629,717,2479,303
kimVMH2019_smartseq,VMH,Satb2_Six3,VMH-NEURO32,Satb2/Six3,Neuron,NA,Neuron,VMH,1451,666,332,424,1763,61
kimVMH2019_smartseq,VMH,Slc18a3,VMH-NEURO33,Slc18a3,Neuron,NA,Neuron,VMH,2603,1451,674,1022,2984,47
kimVMH2019_smartseq,VMH,Slc32a1_1_Nup62cl,VMH-NEURO34,Slc32a1/Nup62cl,Neuron,NA,Neuron,VMH,1354,649,299,586,1625,11
kimVMH2019_smartseq,VMH,Slc32a1_2,VMH-NEURO35,Slc32a1,Neuron,NA,Neuron,VMH,2112,672,377,262,2438,149
kimVMH2019_smartseq,VMH,Tbx3_1_Tac2,VMH-NEURO36,Tbx3/Tac2,Neuron,NA,Neuron,VMH,1567,897,272,498,1900,14
kimVMH2019_smartseq,VMH,Tbx3_2_Anxa2,VMH-NEURO37,Tbx3/Anxa2,Neuron,NA,Neuron,VMH,2409,1290,600,696,2849,63
kimVMH2019_smartseq,VMH,Tbx3_3_Slc14a1,VMH-NEURO38,Tbx3/Slc14a1,Neuron,NA,Neuron,VMH,3090,1996,914,1235,3758,128
kimVMH2019_smartseq,VMH,Tsix_Esr1_1_Gabrg3,VMH-NEURO39,Tsix/Esr1/Gabrg3,Neuron,NA,Neuron,VMH,1713,794,432,500,2122,65
kimVMH2019_smartseq,VMH,Dlk1_3_Maob,VMH-NEURO4,Dlk1/Maob,Neuron,NA,Neuron,VMH,1905,1196,854,1084,2825,258
kimVMH2019_smartseq,VMH,Tsix_Esr1_2_Twist2,VMH-NEURO40,Tsix/Esr1/Twist2,Neuron,NA,Neuron,VMH,2214,854,416,428,2536,64
kimVMH2019_smartseq,VMH,Dlk1_4_Maob,VMH-NEURO5,Dlk1/Maob,Neuron,NA,Neuron,VMH,1474,548,457,529,1863,109
kimVMH2019_smartseq,VMH,Dlk1_5_Egflam,VMH-NEURO6,Dlk1/Egflam,Neuron,NA,Neuron,VMH,1616,386,381,350,1883,139
kimVMH2019_smartseq,VMH,Dlk1_6_F2rl2,VMH-NEURO7,Dlk1/F2rl2,Neuron,NA,Neuron,VMH,665,193,113,85,750,30
kimVMH2019_smartseq,VMH,Esr1_1_Insm2,VMH-NEURO8,Esr1/Insm2,Neuron,NA,Neuron,VMH,2221,1124,501,625,2726,106
kimVMH2019_smartseq,VMH,Esr1_2_Samd9l_Rorb,VMH-NEURO9,Esr1/Samd9l/Rorb,Neuron,NA,Neuron,VMH,1794,808,410,462,2219,95
kimVMH2019_smartseq,VMH,Oligo_Opalin_1,VMH-OLIGO1,Opalin,Oligodendrocyte,NA,Glia,VMH,1416,890,766,1506,1690,15
kimVMH2019_smartseq,VMH,Oligo_Opalin_2,VMH-OLIGO2,Opalin,Oligodendrocyte,NA,Glia,VMH,2060,2085,455,1568,2799,12
kimVMH2019_smartseq,VMH,Scgn,VMH-OTHER1,NA,Other,Unknown cell-type annotation,Other,VMH,1487,433,325,378,1709,53
kimVMH2019_smartseq,VMH,SMC,VMH-OTHER2,NA,Other,Unknown cell-type annotation,Other,VMH,2049,1602,760,2475,2664,7
kimVMH2019_smartseq,VMH,PVM_Mrc1,VMH-PVM1,Mrc1,Macrophage,NA,Immune,VMH,1925,1638,758,2443,2585,7
